layer_idx,layer_magnitude,token_rank,token,steering_score,antipodal_score,score_ratio,normalized_score
-1,1.0,1,dicks,0.052505765,0.052505765,0.99999976,0.052505765
-1,1.0,2,止,0.04618134,0.04618134,0.99999976,0.04618134
-1,1.0,3,pretend,0.045415983,0.045415983,0.99999976,0.045415983
-1,1.0,4,egregious,0.045297284,0.045297284,0.99999976,0.045297284
-1,1.0,5,heels,0.04404448,0.04404448,0.99999976,0.04404448
-1,1.0,6,Akron,0.043919213,0.043919213,0.99999976,0.043919213
-1,1.0,7,aupt,0.043660957,0.043660957,0.99999976,0.043660957
-1,1.0,8,exponent,0.04365392,0.04365392,0.99999976,0.04365392
-1,1.0,9,.equals,0.04356716,0.04356716,0.99999976,0.04356716
-1,1.0,10,mp,0.043303505,0.043303505,0.99999976,0.043303505
-1,1.0,11,rendez,0.043225374,0.043225374,0.99999976,0.043225374
-1,1.0,12,_vel,0.042615738,0.042615738,0.99999976,0.042615738
-1,1.0,13,:string,0.042467825,0.042467825,0.99999976,0.042467825
-1,1.0,14,invis,0.042314894,0.042314894,0.99999976,0.042314894
-1,1.0,15,cis,0.042005707,0.042005707,0.99999976,0.042005707
-1,1.0,16,الأح,0.04187741,0.04187741,0.99999976,0.04187741
-1,1.0,17,‌ی,0.041627735,0.041627735,0.9999997,0.041627735
-1,1.0,18,dick,0.04136181,0.04136181,0.9999997,0.04136181
-1,1.0,19,.JLabel,0.04111635,0.04111635,0.9999997,0.04111635
-1,1.0,20,masturb,0.040629856,0.040629856,0.9999997,0.040629856
-1,1.0,21,chỉnh,0.04034569,0.04034569,0.9999997,0.04034569
-1,1.0,22,angent,0.04026892,0.04026892,0.9999997,0.04026892
-1,1.0,23,probabilities,0.04013109,0.04013109,0.9999997,0.04013109
-1,1.0,24,goalkeeper,0.040039957,0.040039957,0.9999997,0.040039957
-1,1.0,25,首页,0.039920766,0.039920766,0.9999997,0.039920766
-1,1.0,26,çi,0.039685372,0.039685372,0.9999997,0.039685372
-1,1.0,27,KK,0.039623536,0.039623536,0.9999997,0.039623536
-1,1.0,28,περι,0.03959551,0.03959551,0.9999997,0.03959551
-1,1.0,29,qDebug,0.039573606,0.039573606,0.9999997,0.039573606
-1,1.0,30,Taipei,0.039200526,0.039200526,0.9999997,0.039200526
-1,1.0,31,Byz,0.039176203,0.039176203,0.9999997,0.039176203
-1,1.0,32,standardized,0.039151788,0.039151788,0.9999997,0.039151788
-1,1.0,33,conglomer,0.03912197,0.03912197,0.9999997,0.03912197
-1,1.0,34,seiz,0.03910957,0.03910957,0.9999997,0.03910957
-1,1.0,35,rampage,0.039065246,0.039065246,0.9999997,0.039065246
-1,1.0,36,.AreEqual,0.039009288,0.039009288,0.9999997,0.039009288
-1,1.0,37,Util,0.038856804,0.038856804,0.9999997,0.038856804
-1,1.0,38,TestData,0.038552918,0.038552918,0.9999997,0.038552918
-1,1.0,39,기본,0.038268898,0.038268898,0.9999997,0.038268898
-1,1.0,40,anom,0.038266372,0.038266372,0.9999997,0.038266372
-1,1.0,41,Ai,0.038173396,0.038173396,0.9999997,0.038173396
-1,1.0,42,Tele,0.03797344,0.03797344,0.9999997,0.03797344
-1,1.0,43,�,0.037971325,0.037971325,0.9999997,0.037971325
-1,1.0,44,asant,0.03792165,0.03792165,0.9999997,0.03792165
-1,1.0,45,Bd,0.03790813,0.03790813,0.9999997,0.03790813
-1,1.0,46,supplemental,0.037800647,0.037800647,0.9999997,0.037800647
-1,1.0,47,tang,0.037706807,0.037706807,0.9999997,0.037706807
-1,1.0,48,pei,0.037437454,0.037437454,0.9999997,0.037437454
-1,1.0,49,亲,0.037411656,0.037411656,0.9999997,0.037411656
-1,1.0,50,.setTime,0.03741076,0.03741076,0.9999997,0.03741076
-2,1.0,1,demos,0.046246655,0.046246655,0.99999976,0.046246655
-2,1.0,2,Akron,0.04558686,0.04558686,0.99999976,0.04558686
-2,1.0,3,Byz,0.044822924,0.044822924,0.99999976,0.044822924
-2,1.0,4,Bd,0.04473237,0.04473237,0.99999976,0.04473237
-2,1.0,5,.tif,0.041664634,0.041664634,0.9999997,0.041664634
-2,1.0,6,epend,0.041341387,0.041341387,0.9999997,0.041341387
-2,1.0,7,های,0.0412556,0.0412556,0.9999997,0.0412556
-2,1.0,8,Enabled,0.04120188,0.04120188,0.9999997,0.04120188
-2,1.0,9,anom,0.04113234,0.04113234,0.9999997,0.04113234
-2,1.0,10,examinations,0.041130457,0.041130457,0.9999997,0.041130457
-2,1.0,11,-git,0.040223144,0.040223144,0.9999997,0.040223144
-2,1.0,12,aupt,0.04011456,0.04011456,0.9999997,0.04011456
-2,1.0,13,ibern,0.039818063,0.039818063,0.9999997,0.039818063
-2,1.0,14,.Topic,0.03970914,0.03970914,0.9999997,0.03970914
-2,1.0,15,MONEY,0.039676186,0.039676186,0.9999997,0.039676186
-2,1.0,16,依,0.039342694,0.039342694,0.9999997,0.039342694
-2,1.0,17,*****,0.038549833,0.038549833,0.9999997,0.038549833
-2,1.0,18,etails,0.038477056,0.038477056,0.9999997,0.038477056
-2,1.0,19,kicker,0.038197517,0.038197517,0.9999997,0.038197517
-2,1.0,20,eb,0.03806921,0.03806921,0.9999997,0.03806921
-2,1.0,21,communion,0.037807986,0.037807986,0.9999997,0.037807986
-2,1.0,22,supplemental,0.03774959,0.03774959,0.9999997,0.03774959
-2,1.0,23,rake,0.037742313,0.037742313,0.9999997,0.037742313
-2,1.0,24,imgs,0.037630804,0.037630804,0.9999997,0.037630804
-2,1.0,25,Stones,0.037576012,0.037576012,0.9999997,0.037576012
-2,1.0,26,escap,0.037504464,0.037504464,0.9999997,0.037504464
-2,1.0,27,reau,0.03744517,0.03744517,0.9999997,0.03744517
-2,1.0,28,setTimeout,0.037287347,0.037287347,0.9999997,0.037287347
-2,1.0,29,timeofday,0.037236728,0.037236728,0.9999997,0.037236728
-2,1.0,30,.bukkit,0.037209935,0.037209935,0.9999997,0.037209935
-2,1.0,31,-logo,0.03713082,0.03713082,0.9999997,0.03713082
-2,1.0,32,heels,0.03696154,0.03696154,0.9999997,0.03696154
-2,1.0,33,提,0.036933303,0.036933303,0.9999997,0.036933303
-2,1.0,34,ROS,0.03665133,0.03665133,0.9999997,0.03665133
-2,1.0,35,ст,0.03663635,0.03663635,0.9999997,0.03663635
-2,1.0,36,outage,0.03650773,0.03650773,0.9999997,0.03650773
-2,1.0,37,outes,0.036494516,0.036494516,0.9999997,0.036494516
-2,1.0,38,bean,0.036462978,0.036462978,0.9999997,0.036462978
-2,1.0,39,.Url,0.036354475,0.036354475,0.9999997,0.036354475
-2,1.0,40,aln,0.03623055,0.03623055,0.9999997,0.03623055
-2,1.0,41,motion,0.03621322,0.03621322,0.9999997,0.03621322
-2,1.0,42,订单,0.036183834,0.036183834,0.9999997,0.036183834
-2,1.0,43,مردم,0.03617622,0.03617622,0.9999997,0.03617622
-2,1.0,44,mo,0.03604857,0.03604857,0.9999997,0.03604857
-2,1.0,45,asant,0.035983816,0.035983816,0.9999997,0.035983816
-2,1.0,46,ιαν,0.03595503,0.03595503,0.9999997,0.03595503
-2,1.0,47,περι,0.03592507,0.03592507,0.9999997,0.03592507
-2,1.0,48,validated,0.035873882,0.035873882,0.9999997,0.035873882
-2,1.0,49,inev,0.0358706,0.0358706,0.9999997,0.0358706
-2,1.0,50,-family,0.035829253,0.035829253,0.9999997,0.035829253
-3,1.0,1,examinations,0.044493057,0.044493057,0.99999976,0.044493057
-3,1.0,2,DAT,0.043550916,0.043550916,0.99999976,0.043550916
-3,1.0,3,createContext,0.04353792,0.04353792,0.99999976,0.04353792
-3,1.0,4,demos,0.043012608,0.043012608,0.99999976,0.043012608
-3,1.0,5,interdisciplinary,0.042384293,0.042384293,0.99999976,0.042384293
-3,1.0,6,Stones,0.04159888,0.04159888,0.9999997,0.04159888
-3,1.0,7,Byz,0.041447267,0.041447267,0.9999997,0.041447267
-3,1.0,8,CHARSET,0.041435182,0.041435182,0.9999997,0.041435182
-3,1.0,9,Akron,0.040794402,0.040794402,0.9999997,0.040794402
-3,1.0,10,.groupby,0.04052372,0.04052372,0.9999997,0.04052372
-3,1.0,11,như,0.039666384,0.039666384,0.9999997,0.039666384
-3,1.0,12,[b,0.03925869,0.03925869,0.9999997,0.03925869
-3,1.0,13,downloadable,0.03873933,0.03873933,0.9999997,0.03873933
-3,1.0,14,datatable,0.03854429,0.03854429,0.9999997,0.03854429
-3,1.0,15,vaginal,0.038472634,0.038472634,0.9999997,0.038472634
-3,1.0,16,anom,0.038442705,0.038442705,0.9999997,0.038442705
-3,1.0,17,={`${,0.038209658,0.038209658,0.9999997,0.038209658
-3,1.0,18,.setForeground,0.038005136,0.038005136,0.9999997,0.038005136
-3,1.0,19,CRS,0.03796357,0.03796357,0.9999997,0.03796357
-3,1.0,20,-git,0.037849687,0.037849687,0.9999997,0.037849687
-3,1.0,21,stones,0.03782645,0.03782645,0.9999997,0.03782645
-3,1.0,22,459,0.03775574,0.03775574,0.9999997,0.03775574
-3,1.0,23,Bd,0.037346438,0.037346438,0.9999997,0.037346438
-3,1.0,24,----,0.037239246,0.037239246,0.9999997,0.037239246
-3,1.0,25,bean,0.03717436,0.03717436,0.9999997,0.03717436
-3,1.0,26,Moz,0.037170116,0.037170116,0.9999997,0.037170116
-3,1.0,27,ancestor,0.036741596,0.036741596,0.9999997,0.036741596
-3,1.0,28,*****,0.036580235,0.036580235,0.9999997,0.036580235
-3,1.0,29,imgs,0.03656601,0.03656601,0.9999997,0.03656601
-3,1.0,30,.dart,0.036513247,0.036513247,0.9999997,0.036513247
-3,1.0,31,escap,0.036492635,0.036492635,0.9999997,0.036492635
-3,1.0,32,đã,0.036491014,0.036491014,0.9999997,0.036491014
-3,1.0,33,Mahar,0.03621185,0.03621185,0.9999997,0.03621185
-3,1.0,34,WithString,0.036102578,0.036102578,0.9999997,0.036102578
-3,1.0,35,�,0.035974845,0.035974845,0.9999997,0.035974845
-3,1.0,36,Produk,0.035962462,0.035962462,0.9999997,0.035962462
-3,1.0,37,egregious,0.035957266,0.035957266,0.9999997,0.035957266
-3,1.0,38,ibern,0.035894595,0.035894595,0.9999997,0.035894595
-3,1.0,39,egl,0.03588433,0.03588433,0.9999997,0.03588433
-3,1.0,40,epend,0.035839684,0.035839684,0.9999997,0.035839684
-3,1.0,41,shouting,0.035822008,0.035822008,0.9999997,0.035822008
-3,1.0,42,EAST,0.035799995,0.035799995,0.9999997,0.035799995
-3,1.0,43,uart,0.035793483,0.035793483,0.9999997,0.035793483
-3,1.0,44,decorative,0.03563639,0.03563639,0.9999997,0.03563639
-3,1.0,45,_BOLD,0.035446152,0.035446152,0.9999997,0.035446152
-3,1.0,46,أول,0.035346933,0.035346933,0.9999997,0.035346933
-3,1.0,47,prefab,0.03532084,0.03532084,0.9999997,0.03532084
-3,1.0,48,definite,0.03530375,0.03530375,0.9999997,0.03530375
-3,1.0,49,ст,0.035298426,0.035298426,0.9999997,0.035298426
-3,1.0,50,dbo,0.035248335,0.035248335,0.9999997,0.035248335
-4,1.0,1,datatable,0.042541213,0.042541213,0.99999976,0.042541213
-4,1.0,2,_require,0.042345762,0.042345762,0.99999976,0.042345762
-4,1.0,3,demos,0.042181738,0.042181738,0.99999976,0.042181738
-4,1.0,4,.groupby,0.041739725,0.041739725,0.99999976,0.041739725
-4,1.0,5,electr,0.041583806,0.041583806,0.9999997,0.041583806
-4,1.0,6,dbo,0.04148625,0.04148625,0.9999997,0.04148625
-4,1.0,7,送,0.040503502,0.040503502,0.9999997,0.040503502
-4,1.0,8,Gentle,0.040212885,0.040212885,0.9999997,0.040212885
-4,1.0,9,interdisciplinary,0.04014148,0.04014148,0.9999997,0.04014148
-4,1.0,10,createContext,0.03999372,0.03999372,0.9999997,0.03999372
-4,1.0,11,.translatesAutoresizingMaskIntoConstraints,0.039853476,0.039853476,0.9999997,0.039853476
-4,1.0,12,uplift,0.039187245,0.039187245,0.9999997,0.039187245
-4,1.0,13,文字,0.03907429,0.03907429,0.9999997,0.03907429
-4,1.0,14,như,0.03902504,0.03902504,0.9999997,0.03902504
-4,1.0,15,downloadable,0.038758144,0.038758144,0.9999997,0.038758144
-4,1.0,16,overweight,0.038458806,0.038458806,0.9999997,0.038458806
-4,1.0,17,ursors,0.03794911,0.03794911,0.9999997,0.03794911
-4,1.0,18,WithString,0.037913803,0.037913803,0.9999997,0.037913803
-4,1.0,19,----,0.037515968,0.037515968,0.9999997,0.037515968
-4,1.0,20,أول,0.037418716,0.037418716,0.9999997,0.037418716
-4,1.0,21,nice,0.037395813,0.037395813,0.9999997,0.037395813
-4,1.0,22,Primitive,0.037375618,0.037375618,0.9999997,0.037375618
-4,1.0,23,anom,0.03712648,0.03712648,0.9999997,0.03712648
-4,1.0,24,WS,0.037098974,0.037098974,0.9999997,0.037098974
-4,1.0,25,={`${,0.03687357,0.03687357,0.9999997,0.03687357
-4,1.0,26,Stones,0.03649299,0.03649299,0.9999997,0.03649299
-4,1.0,27,�,0.036386702,0.036386702,0.9999997,0.036386702
-4,1.0,28,đã,0.036368914,0.036368914,0.9999997,0.036368914
-4,1.0,29,pler,0.036314927,0.036314927,0.9999997,0.036314927
-4,1.0,30,/ws,0.036256637,0.036256637,0.9999997,0.036256637
-4,1.0,31,浅,0.036183752,0.036183752,0.9999997,0.036183752
-4,1.0,32,//*[,0.0361732,0.0361732,0.9999997,0.0361732
-4,1.0,33,||||,0.03616631,0.03616631,0.9999997,0.03616631
-4,1.0,34,discretionary,0.03616043,0.03616043,0.9999997,0.03616043
-4,1.0,35,VG,0.036155436,0.036155436,0.9999997,0.036155436
-4,1.0,36,iples,0.036150068,0.036150068,0.9999997,0.036150068
-4,1.0,37,decorative,0.036146253,0.036146253,0.9999997,0.036146253
-4,1.0,38,-text,0.03607269,0.03607269,0.9999997,0.03607269
-4,1.0,39,rendez,0.035785835,0.035785835,0.9999997,0.035785835
-4,1.0,40,principally,0.035756163,0.035756163,0.9999997,0.035756163
-4,1.0,41,Klaus,0.035626758,0.035626758,0.9999997,0.035626758
-4,1.0,42,helm,0.035436437,0.035436437,0.9999997,0.035436437
-4,1.0,43,zus,0.03539595,0.03539595,0.9999997,0.03539595
-4,1.0,44,DISP,0.03536068,0.03536068,0.9999997,0.03536068
-4,1.0,45,[b,0.035335526,0.035335526,0.9999997,0.035335526
-4,1.0,46,vaginal,0.035292536,0.035292536,0.9999997,0.035292536
-4,1.0,47,CHARSET,0.03524921,0.03524921,0.9999997,0.03524921
-4,1.0,48,_weights,0.03522725,0.03522725,0.9999997,0.03522725
-4,1.0,49,BoxDecoration,0.035209443,0.035209443,0.9999997,0.035209443
-4,1.0,50,ELF,0.035194166,0.035194166,0.9999997,0.035194166
-5,1.0,1,.groupby,0.05092777,0.05092777,0.99999976,0.05092777
-5,1.0,2,_require,0.048781607,0.048781607,0.99999976,0.048781607
-5,1.0,3,darling,0.04706393,0.04706393,0.99999976,0.04706393
-5,1.0,4,electr,0.0453151,0.0453151,0.99999976,0.0453151
-5,1.0,5,datatable,0.043308992,0.043308992,0.99999976,0.043308992
-5,1.0,6,Stones,0.0430433,0.0430433,0.99999976,0.0430433
-5,1.0,7,WithString,0.04251428,0.04251428,0.99999976,0.04251428
-5,1.0,8,�,0.042206414,0.042206414,0.99999976,0.042206414
-5,1.0,9,demos,0.042133495,0.042133495,0.99999976,0.042133495
-5,1.0,10,Gentle,0.041997146,0.041997146,0.99999976,0.041997146
-5,1.0,11,Proj,0.04120659,0.04120659,0.9999997,0.04120659
-5,1.0,12,裏,0.040934123,0.040934123,0.9999997,0.040934123
-5,1.0,13,helm,0.04069813,0.04069813,0.9999997,0.04069813
-5,1.0,14,Klaus,0.04003561,0.04003561,0.9999997,0.04003561
-5,1.0,15,decorative,0.039674796,0.039674796,0.9999997,0.039674796
-5,1.0,16,theses,0.039523073,0.039523073,0.9999997,0.039523073
-5,1.0,17,代表,0.039266866,0.039266866,0.9999997,0.039266866
-5,1.0,18,REQUIRED,0.039013494,0.039013494,0.9999997,0.039013494
-5,1.0,19,أول,0.039003983,0.039003983,0.9999997,0.039003983
-5,1.0,20,//*[,0.03891081,0.03891081,0.9999997,0.03891081
-5,1.0,21,Primitive,0.038795803,0.038795803,0.9999997,0.038795803
-5,1.0,22,cereal,0.03868091,0.03868091,0.9999997,0.03868091
-5,1.0,23,VG,0.038298305,0.038298305,0.9999997,0.038298305
-5,1.0,24,年の,0.038088545,0.038088545,0.9999997,0.038088545
-5,1.0,25,Moz,0.038039677,0.038039677,0.9999997,0.038039677
-5,1.0,26,rendez,0.038031336,0.038031336,0.9999997,0.038031336
-5,1.0,27,.getBoundingClientRect,0.03791159,0.03791159,0.9999997,0.03791159
-5,1.0,28,Loud,0.037702367,0.037702367,0.9999997,0.037702367
-5,1.0,29,TextInput,0.037606724,0.037606724,0.9999997,0.037606724
-5,1.0,30,hairstyles,0.037584648,0.037584648,0.9999997,0.037584648
-5,1.0,31,.Border,0.037557483,0.037557483,0.9999997,0.037557483
-5,1.0,32,zeros,0.037486877,0.037486877,0.9999997,0.037486877
-5,1.0,33,rouge,0.0374216,0.0374216,0.9999997,0.0374216
-5,1.0,34,περι,0.037278455,0.037278455,0.9999997,0.037278455
-5,1.0,35,_img,0.037275445,0.037275445,0.9999997,0.037275445
-5,1.0,36,ursors,0.03721957,0.03721957,0.9999997,0.03721957
-5,1.0,37,Rt,0.037097063,0.037097063,0.9999997,0.037097063
-5,1.0,38,insider,0.03684935,0.03684935,0.9999997,0.03684935
-5,1.0,39,interdisciplinary,0.036756672,0.036756672,0.9999997,0.036756672
-5,1.0,40,Kathleen,0.036745906,0.036745906,0.9999997,0.036745906
-5,1.0,41,pretend,0.036683068,0.036683068,0.9999997,0.036683068
-5,1.0,42,outage,0.03654401,0.03654401,0.9999997,0.03654401
-5,1.0,43,Bd,0.036374114,0.036374114,0.9999997,0.036374114
-5,1.0,44,VAL,0.036101542,0.036101542,0.9999997,0.036101542
-5,1.0,45,stones,0.03605949,0.03605949,0.9999997,0.03605949
-5,1.0,46,uplift,0.03598582,0.03598582,0.9999997,0.03598582
-5,1.0,47,ELF,0.03593207,0.03593207,0.9999997,0.03593207
-5,1.0,48,Rag,0.035922818,0.035922818,0.9999997,0.035922818
-5,1.0,49,Examination,0.035861216,0.035861216,0.9999997,0.035861216
-5,1.0,50,hammered,0.035824675,0.035824675,0.9999997,0.035824675
-6,1.0,1,.groupby,0.049073197,0.049073197,0.99999976,0.049073197
-6,1.0,2,_require,0.04529523,0.04529523,0.99999976,0.04529523
-6,1.0,3,�,0.044096995,0.044096995,0.99999976,0.044096995
-6,1.0,4,Gentle,0.043491133,0.043491133,0.99999976,0.043491133
-6,1.0,5,darling,0.043031756,0.043031756,0.99999976,0.043031756
-6,1.0,6,Loud,0.042944536,0.042944536,0.99999976,0.042944536
-6,1.0,7,pretend,0.042649932,0.042649932,0.99999976,0.042649932
-6,1.0,8,_circle,0.042532895,0.042532895,0.99999976,0.042532895
-6,1.0,9,datatable,0.04244161,0.04244161,0.99999976,0.04244161
-6,1.0,10,rouge,0.04193135,0.04193135,0.99999976,0.04193135
-6,1.0,11,electr,0.04130563,0.04130563,0.9999997,0.04130563
-6,1.0,12,Stones,0.04098878,0.04098878,0.9999997,0.04098878
-6,1.0,13,demos,0.04073468,0.04073468,0.9999997,0.04073468
-6,1.0,14,裏,0.04058697,0.04058697,0.9999997,0.04058697
-6,1.0,15,Demp,0.040570825,0.040570825,0.9999997,0.040570825
-6,1.0,16,-theme,0.039437354,0.039437354,0.9999997,0.039437354
-6,1.0,17,helm,0.03941661,0.03941661,0.9999997,0.03941661
-6,1.0,18,TextInput,0.039043665,0.039043665,0.9999997,0.039043665
-6,1.0,19,outage,0.038940437,0.038940437,0.9999997,0.038940437
-6,1.0,20,之间,0.0387338,0.0387338,0.9999997,0.0387338
-6,1.0,21,�,0.038625762,0.044096995,0.8759271,0.038625762
-6,1.0,22,Proj,0.038598932,0.038598932,0.9999997,0.038598932
-6,1.0,23,leverage,0.03858754,0.03858754,0.9999997,0.03858754
-6,1.0,24,equipo,0.03826573,0.03826573,0.9999997,0.03826573
-6,1.0,25,_filename,0.038074046,0.038074046,0.9999997,0.038074046
-6,1.0,26,cereal,0.0378714,0.0378714,0.9999997,0.0378714
-6,1.0,27,περι,0.03774276,0.03774276,0.9999997,0.03774276
-6,1.0,28,Klaus,0.037703887,0.037703887,0.9999997,0.037703887
-6,1.0,29,eleg,0.037516404,0.037516404,0.9999997,0.037516404
-6,1.0,30,uplift,0.037435,0.037435,0.9999997,0.037435
-6,1.0,31,decorative,0.037409745,0.037409745,0.9999997,0.037409745
-6,1.0,32,rendez,0.037247285,0.037247285,0.9999997,0.037247285
-6,1.0,33,whisk,0.037199005,0.037199005,0.9999997,0.037199005
-6,1.0,34,japon,0.037195597,0.037195597,0.9999997,0.037195597
-6,1.0,35,mo,0.037194803,0.037194803,0.9999997,0.037194803
-6,1.0,36,fg,0.037107512,0.037107512,0.9999997,0.037107512
-6,1.0,37,bulletin,0.03700831,0.03700831,0.9999997,0.03700831
-6,1.0,38,�,0.036929887,0.044096995,0.8374692,0.036929887
-6,1.0,39,MatDialog,0.03691634,0.03691634,0.9999997,0.03691634
-6,1.0,40,Rt,0.036863953,0.036863953,0.9999997,0.036863953
-6,1.0,41,teng,0.036820143,0.036820143,0.9999997,0.036820143
-6,1.0,42,пп,0.036788944,0.036788944,0.9999997,0.036788944
-6,1.0,43,tantal,0.03655374,0.03655374,0.9999997,0.03655374
-6,1.0,44,foreground,0.03654147,0.03654147,0.9999997,0.03654147
-6,1.0,45,moth,0.03623849,0.03623849,0.9999997,0.03623849
-6,1.0,46,年の,0.036228925,0.036228925,0.9999997,0.036228925
-6,1.0,47,Stake,0.036211103,0.036211103,0.9999997,0.036211103
-6,1.0,48,reacting,0.03620771,0.03620771,0.9999997,0.03620771
-6,1.0,49,REQUIRED,0.036033537,0.036033537,0.9999997,0.036033537
-6,1.0,50,�,0.0360307,0.044096995,0.8170781,0.0360307
-7,1.0,1,electr,0.05286704,0.05286704,0.99999976,0.05286704
-7,1.0,2,demos,0.047327004,0.047327004,0.99999976,0.047327004
-7,1.0,3,moth,0.046973955,0.046973955,0.99999976,0.046973955
-7,1.0,4,Gentle,0.044164434,0.044164434,0.99999976,0.044164434
-7,1.0,5,�,0.04305561,0.04305561,0.99999976,0.04305561
-7,1.0,6,japon,0.04282947,0.04282947,0.99999976,0.04282947
-7,1.0,7,Moz,0.042425603,0.042425603,0.99999976,0.042425603
-7,1.0,8,_require,0.04167393,0.04167393,0.99999976,0.04167393
-7,1.0,9,outage,0.041363202,0.041363202,0.9999997,0.041363202
-7,1.0,10,ursors,0.040227275,0.040227275,0.9999997,0.040227275
-7,1.0,11,.groupby,0.040167086,0.040167086,0.9999997,0.040167086
-7,1.0,12,rouge,0.039954178,0.039954178,0.9999997,0.039954178
-7,1.0,13,temporary,0.039756976,0.039756976,0.9999997,0.039756976
-7,1.0,14,exh,0.039743535,0.039743535,0.9999997,0.039743535
-7,1.0,15,fg,0.039654143,0.039654143,0.9999997,0.039654143
-7,1.0,16,darling,0.03949503,0.03949503,0.9999997,0.03949503
-7,1.0,17,-comm,0.039353013,0.039353013,0.9999997,0.039353013
-7,1.0,18,ARCHAR,0.039215833,0.039215833,0.9999997,0.039215833
-7,1.0,19,helm,0.038783044,0.038783044,0.9999997,0.038783044
-7,1.0,20,pler,0.038626112,0.038626112,0.9999997,0.038626112
-7,1.0,21,MatDialog,0.038568728,0.038568728,0.9999997,0.038568728
-7,1.0,22,-theme,0.038460962,0.038460962,0.9999997,0.038460962
-7,1.0,23,/problem,0.038237706,0.038237706,0.9999997,0.038237706
-7,1.0,24,TextInput,0.038124975,0.038124975,0.9999997,0.038124975
-7,1.0,25,"',{'",0.038101822,0.038101822,0.9999997,0.038101822
-7,1.0,26,Rt,0.03808326,0.03808326,0.9999997,0.03808326
-7,1.0,27,Gauge,0.038040027,0.038040027,0.9999997,0.038040027
-7,1.0,28,datatable,0.037942275,0.037942275,0.9999997,0.037942275
-7,1.0,29,Catalonia,0.037813384,0.037813384,0.9999997,0.037813384
-7,1.0,30,gastric,0.037778042,0.037778042,0.9999997,0.037778042
-7,1.0,31,Demp,0.037504837,0.037504837,0.9999997,0.037504837
-7,1.0,32,eut,0.03747402,0.03747402,0.9999997,0.03747402
-7,1.0,33,prefer,0.037347637,0.037347637,0.9999997,0.037347637
-7,1.0,34,Trail,0.037264176,0.037264176,0.9999997,0.037264176
-7,1.0,35,Tx,0.037251685,0.037251685,0.9999997,0.037251685
-7,1.0,36,PrintWriter,0.03720893,0.03720893,0.9999997,0.03720893
-7,1.0,37,stricter,0.036997322,0.036997322,0.9999997,0.036997322
-7,1.0,38,ugal,0.036985997,0.036985997,0.9999997,0.036985997
-7,1.0,39,",json",0.036906306,0.036906306,0.9999997,0.036906306
-7,1.0,40,unfit,0.03687615,0.03687615,0.9999997,0.03687615
-7,1.0,41,lun,0.036873437,0.036873437,0.9999997,0.036873437
-7,1.0,42,IU,0.036719784,0.036719784,0.9999997,0.036719784
-7,1.0,43,teng,0.036657453,0.036657453,0.9999997,0.036657453
-7,1.0,44,Mem,0.036536604,0.036536604,0.9999997,0.036536604
-7,1.0,45,व,0.03648903,0.03648903,0.9999997,0.03648903
-7,1.0,46,amping,0.03647472,0.03647472,0.9999997,0.03647472
-7,1.0,47,-direct,0.036468133,0.036468133,0.9999997,0.036468133
-7,1.0,48,existent,0.03640061,0.03640061,0.9999997,0.03640061
-7,1.0,49,Proj,0.03620176,0.03620176,0.9999997,0.03620176
-7,1.0,50,-exp,0.036044378,0.036044378,0.9999997,0.036044378
-8,1.0,1,demos,0.049970478,0.049970478,0.99999976,0.049970478
-8,1.0,2,Catalonia,0.045892216,0.045892216,0.99999976,0.045892216
-8,1.0,3,.groupby,0.0456227,0.0456227,0.99999976,0.0456227
-8,1.0,4,محل,0.04504177,0.04504177,0.99999976,0.04504177
-8,1.0,5,Gentle,0.044143774,0.044143774,0.99999976,0.044143774
-8,1.0,6,japon,0.043051757,0.043051757,0.99999976,0.043051757
-8,1.0,7,代表,0.04226321,0.04226321,0.99999976,0.04226321
-8,1.0,8,.execute,0.042175986,0.042175986,0.99999976,0.042175986
-8,1.0,9,pler,0.041949056,0.041949056,0.99999976,0.041949056
-8,1.0,10,conglomer,0.041539136,0.041539136,0.9999997,0.041539136
-8,1.0,11,व,0.041034337,0.041034337,0.9999997,0.041034337
-8,1.0,12,Consultants,0.04034064,0.04034064,0.9999997,0.04034064
-8,1.0,13,ACP,0.040088154,0.040088154,0.9999997,0.040088154
-8,1.0,14,workers,0.039896086,0.039896086,0.9999997,0.039896086
-8,1.0,15,bi,0.039392754,0.039392754,0.9999997,0.039392754
-8,1.0,16,pretend,0.03932514,0.03932514,0.9999997,0.03932514
-8,1.0,17,Alg,0.03932258,0.03932258,0.9999997,0.03932258
-8,1.0,18,helm,0.03872729,0.03872729,0.9999997,0.03872729
-8,1.0,19,_require,0.038461782,0.038461782,0.9999997,0.038461782
-8,1.0,20,不同,0.038449675,0.038449675,0.9999997,0.038449675
-8,1.0,21,moth,0.038435917,0.038435917,0.9999997,0.038435917
-8,1.0,22,eman,0.038108826,0.038108826,0.9999997,0.038108826
-8,1.0,23,perpetrator,0.03765566,0.03765566,0.9999997,0.03765566
-8,1.0,24,darling,0.037412234,0.037412234,0.9999997,0.037412234
-8,1.0,25,Moz,0.037352353,0.037352353,0.9999997,0.037352353
-8,1.0,26,Manus,0.0372545,0.0372545,0.9999997,0.0372545
-8,1.0,27,Kamp,0.03708451,0.03708451,0.9999997,0.03708451
-8,1.0,28,conviction,0.03692461,0.03692461,0.9999997,0.03692461
-8,1.0,29,.Margin,0.03669828,0.03669828,0.9999997,0.03669828
-8,1.0,30,Kelvin,0.036648285,0.036648285,0.9999997,0.036648285
-8,1.0,31,Georg,0.03661856,0.03661856,0.9999997,0.03661856
-8,1.0,32,datatable,0.036505245,0.036505245,0.9999997,0.036505245
-8,1.0,33,consultancy,0.03649769,0.03649769,0.9999997,0.03649769
-8,1.0,34,portraits,0.03642304,0.03642304,0.9999997,0.03642304
-8,1.0,35,stricter,0.036388747,0.036388747,0.9999997,0.036388747
-8,1.0,36,Cp,0.03636901,0.03636901,0.9999997,0.03636901
-8,1.0,37,",json",0.03627692,0.03627692,0.9999997,0.03627692
-8,1.0,38,coordinator,0.036258545,0.036258545,0.9999997,0.036258545
-8,1.0,39,watcher,0.036210448,0.036210448,0.9999997,0.036210448
-8,1.0,40,Kitty,0.03614362,0.03614362,0.9999997,0.03614362
-8,1.0,41,Snapchat,0.03614139,0.03614139,0.9999997,0.03614139
-8,1.0,42,ст,0.036139965,0.036139965,0.9999997,0.036139965
-8,1.0,43,electr,0.036003917,0.036003917,0.9999997,0.036003917
-8,1.0,44,eb,0.035976157,0.035976157,0.9999997,0.035976157
-8,1.0,45,robbery,0.035954326,0.035954326,0.9999997,0.035954326
-8,1.0,46,rouge,0.035926197,0.035926197,0.9999997,0.035926197
-8,1.0,47,Gilles,0.035871,0.035871,0.9999997,0.035871
-8,1.0,48,Conte,0.0356192,0.0356192,0.9999997,0.0356192
-8,1.0,49,stal,0.03556658,0.03556658,0.9999997,0.03556658
-8,1.0,50,EPA,0.035477653,0.035477653,0.9999997,0.035477653
-9,1.0,1,.groupby,0.048828587,0.048828587,0.99999976,0.048828587
-9,1.0,2,محل,0.046045996,0.046045996,0.99999976,0.046045996
-9,1.0,3,Herbal,0.04541448,0.04541448,0.99999976,0.04541448
-9,1.0,4,workers,0.043947987,0.043947987,0.99999976,0.043947987
-9,1.0,5,pler,0.042987578,0.042987578,0.99999976,0.042987578
-9,1.0,6,�,0.042868763,0.042868763,0.99999976,0.042868763
-9,1.0,7,.execute,0.041973878,0.041973878,0.99999976,0.041973878
-9,1.0,8,Pasta,0.041891444,0.041891444,0.99999976,0.041891444
-9,1.0,9,elder,0.0415454,0.0415454,0.9999997,0.0415454
-9,1.0,10,Klaus,0.041502647,0.041502647,0.9999997,0.041502647
-9,1.0,11,kickoff,0.041321814,0.041321814,0.9999997,0.041321814
-9,1.0,12,leverage,0.040838398,0.040838398,0.9999997,0.040838398
-9,1.0,13,pilgrimage,0.040338337,0.040338337,0.9999997,0.040338337
-9,1.0,14,lun,0.040309347,0.040309347,0.9999997,0.040309347
-9,1.0,15,代表,0.039776,0.039776,0.9999997,0.039776
-9,1.0,16,slaughter,0.03920724,0.03920724,0.9999997,0.03920724
-9,1.0,17,decentral,0.03901486,0.03901486,0.9999997,0.03901486
-9,1.0,18,helm,0.038932033,0.038932033,0.9999997,0.038932033
-9,1.0,19,Catalonia,0.038917318,0.038917318,0.9999997,0.038917318
-9,1.0,20,eman,0.038766745,0.038766745,0.9999997,0.038766745
-9,1.0,21,portraits,0.038592126,0.038592126,0.9999997,0.038592126
-9,1.0,22,authDomain,0.038589098,0.038589098,0.9999997,0.038589098
-9,1.0,23,robbery,0.038098574,0.038098574,0.9999997,0.038098574
-9,1.0,24,datatable,0.038052425,0.038052425,0.9999997,0.038052425
-9,1.0,25,Carousel,0.03804613,0.03804613,0.9999997,0.03804613
-9,1.0,26,MOR,0.038034894,0.038034894,0.9999997,0.038034894
-9,1.0,27,darling,0.03773512,0.03773512,0.9999997,0.03773512
-9,1.0,28,consultancy,0.037645176,0.037645176,0.9999997,0.037645176
-9,1.0,29,Gentle,0.037643656,0.037643656,0.9999997,0.037643656
-9,1.0,30,أعلام,0.037596256,0.037596256,0.9999997,0.037596256
-9,1.0,31,Kamp,0.037247814,0.037247814,0.9999997,0.037247814
-9,1.0,32,Snapchat,0.037195668,0.037195668,0.9999997,0.037195668
-9,1.0,33,componentName,0.03714314,0.03714314,0.9999997,0.03714314
-9,1.0,34,ouz,0.03703765,0.03703765,0.9999997,0.03703765
-9,1.0,35,-theme,0.036972493,0.036972493,0.9999997,0.036972493
-9,1.0,36,attenuation,0.036885183,0.036885183,0.9999997,0.036885183
-9,1.0,37,conjunction,0.03677093,0.03677093,0.9999997,0.03677093
-9,1.0,38,pretend,0.036641188,0.036641188,0.9999997,0.036641188
-9,1.0,39,sweets,0.036626358,0.036626358,0.9999997,0.036626358
-9,1.0,40,signIn,0.03652046,0.03652046,0.9999997,0.03652046
-9,1.0,41,demos,0.036457,0.036457,0.9999997,0.036457
-9,1.0,42,Winner,0.036366418,0.036366418,0.9999997,0.036366418
-9,1.0,43,Stones,0.036313448,0.036313448,0.9999997,0.036313448
-9,1.0,44,maternal,0.035927095,0.035927095,0.9999997,0.035927095
-9,1.0,45,berries,0.035802767,0.035802767,0.9999997,0.035802767
-9,1.0,46,dialogs,0.035675973,0.035675973,0.9999997,0.035675973
-9,1.0,47,Georg,0.035624355,0.035624355,0.9999997,0.035624355
-9,1.0,48,grave,0.035548598,0.035548598,0.9999997,0.035548598
-9,1.0,49,verbose,0.035509042,0.035509042,0.9999997,0.035509042
-9,1.0,50,Loud,0.035461944,0.035461944,0.9999997,0.035461944
-10,1.0,1,.groupby,0.051001407,0.051001407,0.99999976,0.051001407
-10,1.0,2,Herbal,0.04981506,0.04981506,0.99999976,0.04981506
-10,1.0,3,محل,0.049465105,0.049465105,0.99999976,0.049465105
-10,1.0,4,pler,0.04570208,0.04570208,0.99999976,0.04570208
-10,1.0,5,Livingston,0.044409066,0.044409066,0.99999976,0.044409066
-10,1.0,6,Klaus,0.043603357,0.043603357,0.99999976,0.043603357
-10,1.0,7,Carousel,0.042647,0.042647,0.99999976,0.042647
-10,1.0,8,代表,0.042487837,0.042487837,0.99999976,0.042487837
-10,1.0,9,lun,0.042332653,0.042332653,0.99999976,0.042332653
-10,1.0,10,ouz,0.042178374,0.042178374,0.99999976,0.042178374
-10,1.0,11,workers,0.042034686,0.042034686,0.99999976,0.042034686
-10,1.0,12,eman,0.041274995,0.041274995,0.9999997,0.041274995
-10,1.0,13,NOTE,0.041245565,0.041245565,0.9999997,0.041245565
-10,1.0,14,Catalonia,0.040378556,0.040378556,0.9999997,0.040378556
-10,1.0,15,withdrew,0.039498884,0.039498884,0.9999997,0.039498884
-10,1.0,16,consultancy,0.03872373,0.03872373,0.9999997,0.03872373
-10,1.0,17,helm,0.03861914,0.03861914,0.9999997,0.03861914
-10,1.0,18,Manus,0.038348712,0.038348712,0.9999997,0.038348712
-10,1.0,19,Maria,0.0380065,0.0380065,0.9999997,0.0380065
-10,1.0,20,Pasta,0.037903026,0.037903026,0.9999997,0.037903026
-10,1.0,21,componentName,0.037753165,0.037753165,0.9999997,0.037753165
-10,1.0,22,cartoon,0.037727322,0.037727322,0.9999997,0.037727322
-10,1.0,23,""">{",0.037669033,0.037669033,0.9999997,0.037669033
-10,1.0,24,evenodd,0.037662834,0.037662834,0.9999997,0.037662834
-10,1.0,25,Rowe,0.037576787,0.037576787,0.9999997,0.037576787
-10,1.0,26,-comm,0.03735566,0.03735566,0.9999997,0.03735566
-10,1.0,27,cartoons,0.037225947,0.037225947,0.9999997,0.037225947
-10,1.0,28,marathon,0.037198067,0.037198067,0.9999997,0.037198067
-10,1.0,29,summaries,0.03713487,0.03713487,0.9999997,0.03713487
-10,1.0,30,regex,0.037119396,0.037119396,0.9999997,0.037119396
-10,1.0,31,adium,0.036934607,0.036934607,0.9999997,0.036934607
-10,1.0,32,UNC,0.036767267,0.036767267,0.9999997,0.036767267
-10,1.0,33,maternal,0.03655669,0.03655669,0.9999997,0.03655669
-10,1.0,34,_HELP,0.03653209,0.03653209,0.9999997,0.03653209
-10,1.0,35,Buen,0.03632824,0.03632824,0.9999997,0.03632824
-10,1.0,36,barrage,0.036063116,0.036063116,0.9999997,0.036063116
-10,1.0,37,满,0.036060475,0.036060475,0.9999997,0.036060475
-10,1.0,38,الي,0.035805088,0.035805088,0.9999997,0.035805088
-10,1.0,39,.appendChild,0.035676762,0.035676762,0.9999997,0.035676762
-10,1.0,40,pairwise,0.035607196,0.035607196,0.9999997,0.035607196
-10,1.0,41,(hex,0.03558812,0.03558812,0.9999997,0.03558812
-10,1.0,42,seminar,0.03553307,0.03553307,0.9999997,0.03553307
-10,1.0,43,gın,0.0354432,0.0354432,0.9999997,0.0354432
-10,1.0,44,electr,0.035435162,0.035435162,0.9999997,0.035435162
-10,1.0,45,Kelvin,0.035299003,0.035299003,0.9999997,0.035299003
-10,1.0,46,Consultants,0.035295803,0.035295803,0.9999997,0.035295803
-10,1.0,47,_Write,0.035192624,0.035192624,0.9999997,0.035192624
-10,1.0,48,_human,0.03515376,0.03515376,0.9999997,0.03515376
-10,1.0,49,demos,0.03515317,0.03515317,0.9999997,0.03515317
-10,1.0,50,Congo,0.035103075,0.035103075,0.9999997,0.035103075
-11,1.0,1,محل,0.048972122,0.048972122,0.99999976,0.048972122
-11,1.0,2,Herbal,0.045562364,0.045562364,0.99999976,0.045562364
-11,1.0,3,.groupby,0.04492232,0.04492232,0.99999976,0.04492232
-11,1.0,4,ouz,0.043696642,0.043696642,0.99999976,0.043696642
-11,1.0,5,الي,0.04292719,0.04292719,0.99999976,0.04292719
-11,1.0,6,adium,0.040991034,0.040991034,0.9999997,0.040991034
-11,1.0,7,workers,0.04039301,0.04039301,0.9999997,0.04039301
-11,1.0,8,Mahar,0.04038255,0.04038255,0.9999997,0.04038255
-11,1.0,9,compressor,0.040002055,0.040002055,0.9999997,0.040002055
-11,1.0,10,�,0.03999153,0.03999153,0.9999997,0.03999153
-11,1.0,11,takeover,0.039917313,0.039917313,0.9999997,0.039917313
-11,1.0,12,pler,0.039798364,0.039798364,0.9999997,0.039798364
-11,1.0,13,evenodd,0.03959125,0.03959125,0.9999997,0.03959125
-11,1.0,14,Pasta,0.039263442,0.039263442,0.9999997,0.039263442
-11,1.0,15,_Write,0.039122924,0.039122924,0.9999997,0.039122924
-11,1.0,16,р,0.039024215,0.039024215,0.9999997,0.039024215
-11,1.0,17,�,0.03900634,0.03999153,0.97536474,0.03900634
-11,1.0,18,hostages,0.038976304,0.038976304,0.9999997,0.038976304
-11,1.0,19,commuter,0.038972214,0.038972214,0.9999997,0.038972214
-11,1.0,20,仲,0.0389681,0.0389681,0.9999997,0.0389681
-11,1.0,21,Karlov,0.03868493,0.03868493,0.9999997,0.03868493
-11,1.0,22,NES,0.03855616,0.03855616,0.9999997,0.03855616
-11,1.0,23,�,0.038479608,0.03999153,0.9621936,0.038479608
-11,1.0,24,seller,0.03845015,0.03845015,0.9999997,0.03845015
-11,1.0,25,فر,0.038404144,0.038404144,0.9999997,0.038404144
-11,1.0,26,regex,0.038075723,0.038075723,0.9999997,0.038075723
-11,1.0,27,chemotherapy,0.038021896,0.038021896,0.9999997,0.038021896
-11,1.0,28,엘,0.037896637,0.037896637,0.9999997,0.037896637
-11,1.0,29,曾,0.03787362,0.03787362,0.9999997,0.03787362
-11,1.0,30,eman,0.03751095,0.03751095,0.9999997,0.03751095
-11,1.0,31,�,0.037449963,0.03999153,0.9364471,0.037449963
-11,1.0,32,Livingston,0.037401557,0.037401557,0.9999997,0.037401557
-11,1.0,33,robbery,0.03722935,0.03722935,0.9999997,0.03722935
-11,1.0,34,WG,0.036979552,0.036979552,0.9999997,0.036979552
-11,1.0,35,hộp,0.03689009,0.03689009,0.9999997,0.03689009
-11,1.0,36,ترجم,0.03674843,0.03674843,0.9999997,0.03674843
-11,1.0,37,lun,0.036695257,0.036695257,0.9999997,0.036695257
-11,1.0,38,dipping,0.036326215,0.036326215,0.9999997,0.036326215
-11,1.0,39,ips,0.03615179,0.03615179,0.9999997,0.03615179
-11,1.0,40,Buen,0.03610962,0.03610962,0.9999997,0.03610962
-11,1.0,41,_HELP,0.036091417,0.036091417,0.9999997,0.036091417
-11,1.0,42,Broncos,0.036075287,0.036075287,0.9999997,0.036075287
-11,1.0,43,Кан,0.03589292,0.03589292,0.9999997,0.03589292
-11,1.0,44,_notes,0.035867058,0.035867058,0.9999997,0.035867058
-11,1.0,45,AppConfig,0.035584483,0.035584483,0.9999997,0.035584483
-11,1.0,46,Kelvin,0.035514884,0.035514884,0.9999997,0.035514884
-11,1.0,47,peč,0.03524942,0.03524942,0.9999997,0.03524942
-11,1.0,48,inception,0.035082165,0.035082165,0.9999997,0.035082165
-11,1.0,49,Gentle,0.035058342,0.035058342,0.9999997,0.035058342
-11,1.0,50,berries,0.03504485,0.03504485,0.9999997,0.03504485
-12,1.0,1,ouz,0.05487317,0.05487317,0.9999998,0.05487317
-12,1.0,2,Herbal,0.05079022,0.05079022,0.99999976,0.05079022
-12,1.0,3,pler,0.04749438,0.04749438,0.99999976,0.04749438
-12,1.0,4,_Write,0.045248747,0.045248747,0.99999976,0.045248747
-12,1.0,5,María,0.042797614,0.042797614,0.99999976,0.042797614
-12,1.0,6,ें,0.04209791,0.04209791,0.99999976,0.04209791
-12,1.0,7,о�,0.041953243,0.041953243,0.99999976,0.041953243
-12,1.0,8,robbery,0.0414486,0.0414486,0.9999997,0.0414486
-12,1.0,9,Rowe,0.0408331,0.0408331,0.9999997,0.0408331
-12,1.0,10,Consultants,0.040432304,0.040432304,0.9999997,0.040432304
-12,1.0,11,spinner,0.04026435,0.04026435,0.9999997,0.04026435
-12,1.0,12,berries,0.039979156,0.039979156,0.9999997,0.039979156
-12,1.0,13,�,0.039892755,0.039892755,0.9999997,0.039892755
-12,1.0,14,Moran,0.03971296,0.03971296,0.9999997,0.03971296
-12,1.0,15,Livingston,0.039377704,0.039377704,0.9999997,0.039377704
-12,1.0,16,क,0.039045043,0.039045043,0.9999997,0.039045043
-12,1.0,17,场,0.038861845,0.038861845,0.9999997,0.038861845
-12,1.0,18,umps,0.03866125,0.03866125,0.9999997,0.03866125
-12,1.0,19,Sampler,0.03845766,0.03845766,0.9999997,0.03845766
-12,1.0,20,gın,0.03829445,0.03829445,0.9999997,0.03829445
-12,1.0,21,Pasta,0.038225964,0.038225964,0.9999997,0.038225964
-12,1.0,22,caster,0.037956845,0.037956845,0.9999997,0.037956845
-12,1.0,23,Кан,0.037944153,0.037944153,0.9999997,0.037944153
-12,1.0,24,엘,0.03794142,0.03794142,0.9999997,0.03794142
-12,1.0,25,محل,0.03784826,0.03784826,0.9999997,0.03784826
-12,1.0,26,р,0.037732013,0.037732013,0.9999997,0.037732013
-12,1.0,27,seller,0.03772244,0.03772244,0.9999997,0.03772244
-12,1.0,28,.hr,0.03760402,0.03760402,0.9999997,0.03760402
-12,1.0,29,Johann,0.03756351,0.03756351,0.9999997,0.03756351
-12,1.0,30,.utilities,0.037518576,0.037518576,0.9999997,0.037518576
-12,1.0,31,/],0.03722869,0.03722869,0.9999997,0.03722869
-12,1.0,32,lun,0.0370666,0.0370666,0.9999997,0.0370666
-12,1.0,33,intervened,0.036784753,0.036784753,0.9999997,0.036784753
-12,1.0,34,Mahar,0.036666367,0.036666367,0.9999997,0.036666367
-12,1.0,35,Gentle,0.036662884,0.036662884,0.9999997,0.036662884
-12,1.0,36,":""<<",0.036606498,0.036606498,0.9999997,0.036606498
-12,1.0,37,仲,0.03649623,0.03649623,0.9999997,0.03649623
-12,1.0,38,bery,0.036376763,0.036376763,0.9999997,0.036376763
-12,1.0,39,compulsory,0.036289062,0.036289062,0.9999997,0.036289062
-12,1.0,40,autumn,0.036225244,0.036225244,0.9999997,0.036225244
-12,1.0,41,Winning,0.036190823,0.036190823,0.9999997,0.036190823
-12,1.0,42,Buen,0.03617312,0.03617312,0.9999997,0.03617312
-12,1.0,43,بور,0.036160268,0.036160268,0.9999997,0.036160268
-12,1.0,44,Pir,0.036157247,0.036157247,0.9999997,0.036157247
-12,1.0,45,الي,0.036088884,0.036088884,0.9999997,0.036088884
-12,1.0,46,hinted,0.03598737,0.03598737,0.9999997,0.03598737
-12,1.0,47,ceremon,0.03596611,0.03596611,0.9999997,0.03596611
-12,1.0,48,προ,0.035965417,0.035965417,0.9999997,0.035965417
-12,1.0,49,лит,0.035961725,0.035961725,0.9999997,0.035961725
-12,1.0,50,Fuller,0.03594358,0.03594358,0.9999997,0.03594358
-13,1.0,1,intervened,0.049834847,0.049834847,0.99999976,0.049834847
-13,1.0,2,Livingston,0.04615572,0.04615572,0.99999976,0.04615572
-13,1.0,3,仲,0.046027713,0.046027713,0.99999976,0.046027713
-13,1.0,4,ceremon,0.045533165,0.045533165,0.99999976,0.045533165
-13,1.0,5,Так,0.04368178,0.04368178,0.99999976,0.04368178
-13,1.0,6,Herbal,0.04236988,0.04236988,0.99999976,0.04236988
-13,1.0,7,Curso,0.042067707,0.042067707,0.99999976,0.042067707
-13,1.0,8,spinner,0.042046905,0.042046905,0.99999976,0.042046905
-13,1.0,9,pler,0.041244254,0.041244254,0.9999997,0.041244254
-13,1.0,10,Sta,0.0410244,0.0410244,0.9999997,0.0410244
-13,1.0,11,žel,0.04085537,0.04085537,0.9999997,0.04085537
-13,1.0,12,[Math,0.040706515,0.040706515,0.9999997,0.040706515
-13,1.0,13,Moran,0.04034727,0.04034727,0.9999997,0.04034727
-13,1.0,14,ouz,0.040107034,0.040107034,0.9999997,0.040107034
-13,1.0,15,bery,0.040099572,0.040099572,0.9999997,0.040099572
-13,1.0,16,�,0.040022325,0.040022325,0.9999997,0.040022325
-13,1.0,17,Nota,0.040011484,0.040011484,0.9999997,0.040011484
-13,1.0,18,hinted,0.039588496,0.039588496,0.9999997,0.039588496
-13,1.0,19,محل,0.03929864,0.03929864,0.9999997,0.03929864
-13,1.0,20,Fuller,0.03919974,0.03919974,0.9999997,0.03919974
-13,1.0,21,hostages,0.039104152,0.039104152,0.9999997,0.039104152
-13,1.0,22,riet,0.039016232,0.039016232,0.9999997,0.039016232
-13,1.0,23,implied,0.0388939,0.0388939,0.9999997,0.0388939
-13,1.0,24,robbery,0.0385782,0.0385782,0.9999997,0.0385782
-13,1.0,25,sunk,0.0384799,0.0384799,0.9999997,0.0384799
-13,1.0,26,slaughter,0.038465917,0.038465917,0.9999997,0.038465917
-13,1.0,27,.utilities,0.03788229,0.03788229,0.9999997,0.03788229
-13,1.0,28,Кан,0.037855644,0.037855644,0.9999997,0.037855644
-13,1.0,29,IGNED,0.03765681,0.03765681,0.9999997,0.03765681
-13,1.0,30,ynchronous,0.03757166,0.03757166,0.9999997,0.03757166
-13,1.0,31,necess,0.037531327,0.037531327,0.9999997,0.037531327
-13,1.0,32,admin,0.037441097,0.037441097,0.9999997,0.037441097
-13,1.0,33,προ,0.037364967,0.037364967,0.9999997,0.037364967
-13,1.0,34,Pasta,0.03735741,0.03735741,0.9999997,0.03735741
-13,1.0,35,Μα,0.037315503,0.037315503,0.9999997,0.037315503
-13,1.0,36,takeover,0.036953393,0.036953393,0.9999997,0.036953393
-13,1.0,37,configs,0.036887065,0.036887065,0.9999997,0.036887065
-13,1.0,38,arist,0.03687478,0.03687478,0.9999997,0.03687478
-13,1.0,39,елен,0.036865346,0.036865346,0.9999997,0.036865346
-13,1.0,40,�,0.03677991,0.040022325,0.9189846,0.03677991
-13,1.0,41,achs,0.036717195,0.036717195,0.9999997,0.036717195
-13,1.0,42,_Write,0.036623105,0.036623105,0.9999997,0.036623105
-13,1.0,43,.Admin,0.03641449,0.03641449,0.9999997,0.03641449
-13,1.0,44,-ul,0.03631637,0.03631637,0.9999997,0.03631637
-13,1.0,45,analiz,0.036181852,0.036181852,0.9999997,0.036181852
-13,1.0,46,Му,0.036082104,0.036082104,0.9999997,0.036082104
-13,1.0,47,_RATE,0.0360402,0.0360402,0.9999997,0.0360402
-13,1.0,48,RO,0.035989944,0.035989944,0.9999997,0.035989944
-13,1.0,49,lun,0.035989214,0.035989214,0.9999997,0.035989214
-13,1.0,50,Cuomo,0.03587824,0.03587824,0.9999997,0.03587824
-14,0.99999994,1,Drinking,0.045528326,0.045528326,0.99999976,0.04552833
-14,0.99999994,2,Intro,0.044743303,0.044743303,0.99999976,0.044743307
-14,0.99999994,3,Becky,0.043971814,0.043971814,0.99999976,0.043971818
-14,0.99999994,4,privileges,0.043864645,0.043864645,0.99999976,0.04386465
-14,0.99999994,5,Pasta,0.043833382,0.043833382,0.99999976,0.043833386
-14,0.99999994,6,cartel,0.04382667,0.04382667,0.99999976,0.043826673
-14,0.99999994,7,Так,0.043604247,0.043604247,0.99999976,0.04360425
-14,0.99999994,8,仲,0.043441743,0.043441743,0.99999976,0.043441746
-14,0.99999994,9,Merchant,0.04309407,0.04309407,0.99999976,0.043094072
-14,0.99999994,10,arist,0.042971976,0.042971976,0.99999976,0.04297198
-14,0.99999994,11,spinner,0.04258126,0.04258126,0.99999976,0.042581264
-14,0.99999994,12,achs,0.04254122,0.04254122,0.99999976,0.042541225
-14,0.99999994,13,Phot,0.04240203,0.04240203,0.99999976,0.042402033
-14,0.99999994,14,cmds,0.04205674,0.04205674,0.99999976,0.042056743
-14,0.99999994,15,Perkins,0.042034276,0.042034276,0.99999976,0.04203428
-14,0.99999994,16,Consultants,0.041844957,0.041844957,0.99999976,0.04184496
-14,0.99999994,17,žel,0.041411586,0.041411586,0.9999997,0.04141159
-14,0.99999994,18,Klaus,0.041143067,0.041143067,0.9999997,0.04114307
-14,0.99999994,19,robbery,0.04107914,0.04107914,0.9999997,0.041079145
-14,0.99999994,20,Кан,0.041033484,0.041033484,0.9999997,0.041033488
-14,0.99999994,21,Bà,0.04084243,0.04084243,0.9999997,0.040842433
-14,0.99999994,22,MAG,0.040694617,0.040694617,0.9999997,0.04069462
-14,0.99999994,23,РФ,0.04059528,0.04059528,0.9999997,0.040595282
-14,0.99999994,24,ceremon,0.0405871,0.0405871,0.9999997,0.040587105
-14,0.99999994,25,batches,0.04049864,0.04049864,0.9999997,0.040498644
-14,0.99999994,26,eton,0.0404341,0.0404341,0.9999997,0.040434103
-14,0.99999994,27,Wolff,0.040086918,0.040086918,0.9999997,0.04008692
-14,0.99999994,28,sewage,0.039873127,0.039873127,0.9999997,0.03987313
-14,0.99999994,29,Herbal,0.039859194,0.039859194,0.9999997,0.039859198
-14,0.99999994,30,IGNED,0.039765455,0.039765455,0.9999997,0.03976546
-14,0.99999994,31,intervened,0.03974832,0.03974832,0.9999997,0.039748322
-14,0.99999994,32,slaughter,0.039475426,0.039475426,0.9999997,0.03947543
-14,0.99999994,33,ynchronous,0.03926099,0.03926099,0.9999997,0.039260995
-14,0.99999994,34,唇,0.039248616,0.039248616,0.9999997,0.03924862
-14,0.99999994,35,Singer,0.039214976,0.039214976,0.9999997,0.03921498
-14,0.99999994,36,Elder,0.03921051,0.03921051,0.9999997,0.039210513
-14,0.99999994,37,Moran,0.039093554,0.039093554,0.9999997,0.039093558
-14,0.99999994,38,.utilities,0.039033525,0.039033525,0.9999997,0.03903353
-14,0.99999994,39,recipes,0.038978435,0.038978435,0.9999997,0.03897844
-14,0.99999994,40,ullah,0.038928386,0.038928386,0.9999997,0.03892839
-14,0.99999994,41,fever,0.038924143,0.038924143,0.9999997,0.038924146
-14,0.99999994,42,phosph,0.038915616,0.038915616,0.9999997,0.03891562
-14,0.99999994,43,Apostle,0.03891239,0.03891239,0.9999997,0.038912393
-14,0.99999994,44,-----,0.038806543,0.038806543,0.9999997,0.038806546
-14,0.99999994,45,Pierce,0.038685754,0.038685754,0.9999997,0.038685758
-14,0.99999994,46,иде,0.038657192,0.038657192,0.9999997,0.038657196
-14,0.99999994,47,mutations,0.03859148,0.03859148,0.9999997,0.038591485
-14,0.99999994,48,disciplinary,0.038525492,0.038525492,0.9999997,0.038525496
-14,0.99999994,49,takeover,0.038390487,0.038390487,0.9999997,0.03839049
-14,0.99999994,50,pler,0.03825193,0.03825193,0.9999997,0.038251933
-15,0.99999994,1,Clayton,0.04766553,0.04766553,0.99999976,0.047665533
-15,0.99999994,2,Так,0.047574915,0.047574915,0.99999976,0.04757492
-15,0.99999994,3,仲,0.04728684,0.04728684,0.99999976,0.047286842
-15,0.99999994,4,Rupert,0.04644294,0.04644294,0.99999976,0.046442945
-15,0.99999994,5,唇,0.044757746,0.044757746,0.99999976,0.04475775
-15,0.99999994,6,Foster,0.044576224,0.044576224,0.99999976,0.044576228
-15,0.99999994,7,Drinking,0.04360346,0.04360346,0.99999976,0.043603465
-15,0.99999994,8,sewage,0.043152757,0.043152757,0.99999976,0.04315276
-15,0.99999994,9,تح,0.043106616,0.043106616,0.99999976,0.04310662
-15,0.99999994,10,Er,0.043003447,0.043003447,0.99999976,0.04300345
-15,0.99999994,11,Barton,0.04294002,0.04294002,0.99999976,0.042940024
-15,0.99999994,12,MAG,0.04219529,0.04219529,0.99999976,0.042195294
-15,0.99999994,13,्रभ,0.042173658,0.042173658,0.99999976,0.04217366
-15,0.99999994,14,ンブ,0.041675366,0.041675366,0.99999976,0.04167537
-15,0.99999994,15,Stan,0.041597527,0.041597527,0.9999997,0.04159753
-15,0.99999994,16,robbery,0.041521817,0.041521817,0.9999997,0.04152182
-15,0.99999994,17,Herbert,0.041477084,0.041477084,0.9999997,0.041477088
-15,0.99999994,18,cartel,0.04141821,0.04141821,0.9999997,0.041418213
-15,0.99999994,19,gregator,0.04135859,0.04135859,0.9999997,0.041358594
-15,0.99999994,20,Cynthia,0.041278303,0.041278303,0.9999997,0.041278306
-15,0.99999994,21,vibrating,0.041079417,0.041079417,0.9999997,0.04107942
-15,0.99999994,22,berries,0.04090039,0.04090039,0.9999997,0.040900394
-15,0.99999994,23,伍,0.04073838,0.04073838,0.9999997,0.040738385
-15,0.99999994,24,iton,0.0407345,0.0407345,0.9999997,0.040734503
-15,0.99999994,25,包,0.04067834,0.04067834,0.9999997,0.040678345
-15,0.99999994,26,الد,0.040564805,0.040564805,0.9999997,0.04056481
-15,0.99999994,27,Dynamics,0.04010229,0.04010229,0.9999997,0.040102296
-15,0.99999994,28,WG,0.040041395,0.040041395,0.9999997,0.0400414
-15,0.99999994,29,erton,0.0399561,0.0399561,0.9999997,0.039956104
-15,0.99999994,30,Nota,0.039886735,0.039886735,0.9999997,0.03988674
-15,0.99999994,31,acula,0.039826315,0.039826315,0.9999997,0.03982632
-15,0.99999994,32,Consultants,0.039783966,0.039783966,0.9999997,0.03978397
-15,0.99999994,33,POSS,0.03976589,0.03976589,0.9999997,0.039765894
-15,0.99999994,34,stripe,0.039704587,0.039704587,0.9999997,0.03970459
-15,0.99999994,35,CORE,0.039557204,0.039557204,0.9999997,0.039557207
-15,0.99999994,36,arist,0.039496697,0.039496697,0.9999997,0.0394967
-15,0.99999994,37,허,0.039378524,0.039378524,0.9999997,0.039378528
-15,0.99999994,38,_sid,0.03935685,0.03935685,0.9999997,0.039356854
-15,0.99999994,39,slaughter,0.039343573,0.039343573,0.9999997,0.039343577
-15,0.99999994,40,upert,0.039338507,0.039338507,0.9999997,0.03933851
-15,0.99999994,41,orate,0.039301097,0.039301097,0.9999997,0.0393011
-15,0.99999994,42,Hip,0.039235365,0.039235365,0.9999997,0.03923537
-15,0.99999994,43,STR,0.039212495,0.039212495,0.9999997,0.0392125
-15,0.99999994,44,polygon,0.039172076,0.039172076,0.9999997,0.03917208
-15,0.99999994,45,Preserve,0.03915686,0.03915686,0.9999997,0.039156865
-15,0.99999994,46,metast,0.039127342,0.039127342,0.9999997,0.039127346
-15,0.99999994,47,Мет,0.03895576,0.03895576,0.9999997,0.038955763
-15,0.99999994,48,Salman,0.038890727,0.038890727,0.9999997,0.03889073
-15,0.99999994,49,Girlfriend,0.038807362,0.038807362,0.9999997,0.038807366
-15,0.99999994,50,Nokia,0.038721852,0.038721852,0.9999997,0.038721856
-16,1.0,1,Moran,0.050605305,0.050605305,0.99999976,0.050605305
-16,1.0,2,berries,0.050002992,0.050002992,0.99999976,0.050002992
-16,1.0,3,Hoff,0.04983876,0.04983876,0.99999976,0.04983876
-16,1.0,4,_UNIQUE,0.0491076,0.0491076,0.99999976,0.0491076
-16,1.0,5,Foster,0.04742327,0.04742327,0.99999976,0.04742327
-16,1.0,6,Watts,0.04703529,0.04703529,0.99999976,0.04703529
-16,1.0,7,KAR,0.046432275,0.046432275,0.99999976,0.046432275
-16,1.0,8,البر,0.04567762,0.04567762,0.99999976,0.04567762
-16,1.0,9,Israeli,0.044853088,0.044853088,0.99999976,0.044853088
-16,1.0,10,LOSE,0.044826034,0.044826034,0.99999976,0.044826034
-16,1.0,11,iable,0.04465811,0.04465811,0.99999976,0.04465811
-16,1.0,12,Kelvin,0.044616308,0.044616308,0.99999976,0.044616308
-16,1.0,13,Tamb,0.044376656,0.044376656,0.99999976,0.044376656
-16,1.0,14,омина,0.04388059,0.04388059,0.99999976,0.04388059
-16,1.0,15,Klaus,0.043812737,0.043812737,0.99999976,0.043812737
-16,1.0,16,Downtown,0.043771233,0.043771233,0.99999976,0.043771233
-16,1.0,17,POSS,0.04367686,0.04367686,0.99999976,0.04367686
-16,1.0,18,Melbourne,0.043176085,0.043176085,0.99999976,0.043176085
-16,1.0,19,Rupert,0.04315238,0.04315238,0.99999976,0.04315238
-16,1.0,20,Так,0.043061554,0.043061554,0.99999976,0.043061554
-16,1.0,21,Clayton,0.042851757,0.042851757,0.99999976,0.042851757
-16,1.0,22,сам,0.042834595,0.042834595,0.99999976,0.042834595
-16,1.0,23,Ecc,0.04281883,0.04281883,0.99999976,0.04281883
-16,1.0,24,包,0.04277098,0.04277098,0.99999976,0.04277098
-16,1.0,25,ulen,0.042714834,0.042714834,0.99999976,0.042714834
-16,1.0,26,psychotic,0.042696465,0.042696465,0.99999976,0.042696465
-16,1.0,27,adium,0.042663872,0.042663872,0.99999976,0.042663872
-16,1.0,28,Susp,0.042567424,0.042567424,0.99999976,0.042567424
-16,1.0,29,Cynthia,0.042487904,0.042487904,0.99999976,0.042487904
-16,1.0,30,Bayern,0.04244306,0.04244306,0.99999976,0.04244306
-16,1.0,31,mammals,0.042411983,0.042411983,0.99999976,0.042411983
-16,1.0,32,Bermuda,0.042396784,0.042396784,0.99999976,0.042396784
-16,1.0,33,lington,0.042272665,0.042272665,0.99999976,0.042272665
-16,1.0,34,Salman,0.04196102,0.04196102,0.99999976,0.04196102
-16,1.0,35,ophile,0.04190753,0.04190753,0.99999976,0.04190753
-16,1.0,36,upert,0.04142219,0.04142219,0.9999997,0.04142219
-16,1.0,37,Rivera,0.041187655,0.041187655,0.9999997,0.041187655
-16,1.0,38,theid,0.041156318,0.041156318,0.9999997,0.041156318
-16,1.0,39,Mahar,0.04112027,0.04112027,0.9999997,0.04112027
-16,1.0,40,تح,0.04095898,0.04095898,0.9999997,0.04095898
-16,1.0,41,etails,0.040602405,0.040602405,0.9999997,0.040602405
-16,1.0,42,chemotherapy,0.04047296,0.04047296,0.9999997,0.04047296
-16,1.0,43,्रभ,0.040451385,0.040451385,0.9999997,0.040451385
-16,1.0,44,recipes,0.04044485,0.04044485,0.9999997,0.04044485
-16,1.0,45,pretend,0.040443935,0.040443935,0.9999997,0.040443935
-16,1.0,46,ierce,0.04037328,0.04037328,0.9999997,0.04037328
-16,1.0,47,isle,0.040208526,0.040208526,0.9999997,0.040208526
-16,1.0,48,ンブ,0.040159915,0.040159915,0.9999997,0.040159915
-16,1.0,49,medida,0.04015217,0.04015217,0.9999997,0.04015217
-16,1.0,50,olar,0.040087402,0.040087402,0.9999997,0.040087402
-17,1.0,1,兼,0.05157905,0.05157905,0.99999976,0.05157905
-17,1.0,2,веч,0.04951884,0.04951884,0.99999976,0.04951884
-17,1.0,3,Kemp,0.04483207,0.04483207,0.99999976,0.04483207
-17,1.0,4,"()"">",0.04376816,0.04376816,0.99999976,0.04376816
-17,1.0,5,apel,0.04264315,0.04264315,0.99999976,0.04264315
-17,1.0,6,Keto,0.04258287,0.04258287,0.99999976,0.04258287
-17,1.0,7,Pier,0.042192474,0.042192474,0.99999976,0.042192474
-17,1.0,8,Рад,0.041843764,0.041843764,0.99999976,0.041843764
-17,1.0,9,berries,0.04171647,0.04171647,0.99999976,0.04171647
-17,1.0,10,Watson,0.04155347,0.04155347,0.9999997,0.04155347
-17,1.0,11,ierce,0.041147348,0.041147348,0.9999997,0.041147348
-17,1.0,12,Preferred,0.040959805,0.040959805,0.9999997,0.040959805
-17,1.0,13,cauliflower,0.04064227,0.04064227,0.9999997,0.04064227
-17,1.0,14,rabbits,0.04031364,0.04031364,0.9999997,0.04031364
-17,1.0,15,Oven,0.040269934,0.040269934,0.9999997,0.040269934
-17,1.0,16,Так,0.040245317,0.040245317,0.9999997,0.040245317
-17,1.0,17,الج,0.040183052,0.040183052,0.9999997,0.040183052
-17,1.0,18,-inline,0.040150296,0.040150296,0.9999997,0.040150296
-17,1.0,19,agony,0.040117368,0.040117368,0.9999997,0.040117368
-17,1.0,20,*[,0.040092144,0.040092144,0.9999997,0.040092144
-17,1.0,21,Spokane,0.040045805,0.040045805,0.9999997,0.040045805
-17,1.0,22,Georgian,0.03991349,0.03991349,0.9999997,0.03991349
-17,1.0,23,pups,0.03934768,0.03934768,0.9999997,0.03934768
-17,1.0,24,matures,0.03904663,0.03904663,0.9999997,0.03904663
-17,1.0,25,alace,0.03853979,0.03853979,0.9999997,0.03853979
-17,1.0,26,Liz,0.038483612,0.038483612,0.9999997,0.038483612
-17,1.0,27,рей,0.03829818,0.03829818,0.9999997,0.03829818
-17,1.0,28,Minneapolis,0.03815676,0.03815676,0.9999997,0.03815676
-17,1.0,29,chemotherapy,0.038144395,0.038144395,0.9999997,0.038144395
-17,1.0,30,Appliances,0.03803719,0.03803719,0.9999997,0.03803719
-17,1.0,31,Pierce,0.037891053,0.037891053,0.9999997,0.037891053
-17,1.0,32,dens,0.037886657,0.037886657,0.9999997,0.037886657
-17,1.0,33,[f,0.037827544,0.037827544,0.9999997,0.037827544
-17,1.0,34,Birds,0.03776037,0.03776037,0.9999997,0.03776037
-17,1.0,35,Kelvin,0.037748307,0.037748307,0.9999997,0.037748307
-17,1.0,36,Leicester,0.037681475,0.037681475,0.9999997,0.037681475
-17,1.0,37,finger,0.03763883,0.03763883,0.9999997,0.03763883
-17,1.0,38,ulen,0.037415966,0.037415966,0.9999997,0.037415966
-17,1.0,39,Livingston,0.03730294,0.03730294,0.9999997,0.03730294
-17,1.0,40,AGON,0.037257396,0.037257396,0.9999997,0.037257396
-17,1.0,41,iflower,0.037230954,0.037230954,0.9999997,0.037230954
-17,1.0,42,ifs,0.03722254,0.03722254,0.9999997,0.03722254
-17,1.0,43,内,0.037191942,0.037191942,0.9999997,0.037191942
-17,1.0,44,eman,0.03718987,0.03718987,0.9999997,0.03718987
-17,1.0,45,Startup,0.037157398,0.037157398,0.9999997,0.037157398
-17,1.0,46,人員,0.037104886,0.037104886,0.9999997,0.037104886
-17,1.0,47,생활,0.03710042,0.03710042,0.9999997,0.03710042
-17,1.0,48,knowingly,0.037028287,0.037028287,0.9999997,0.037028287
-17,1.0,49,PSP,0.036983028,0.036983028,0.9999997,0.036983028
-17,1.0,50,Rotterdam,0.036929388,0.036929388,0.9999997,0.036929388
-18,1.0,1,Fernandez,0.05522917,0.05522917,0.9999998,0.05522917
-18,1.0,2,Kemp,0.053687282,0.053687282,0.9999998,0.053687282
-18,1.0,3,Fernando,0.05281859,0.05281859,0.99999976,0.05281859
-18,1.0,4,Keto,0.05239266,0.05239266,0.99999976,0.05239266
-18,1.0,5,Nicaragua,0.051117226,0.051117226,0.99999976,0.051117226
-18,1.0,6,ircles,0.050668642,0.050668642,0.99999976,0.050668642
-18,1.0,7,Leicester,0.04964885,0.04964885,0.99999976,0.04964885
-18,1.0,8,Appliances,0.047851317,0.047851317,0.99999976,0.047851317
-18,1.0,9,Михай,0.04751381,0.04751381,0.99999976,0.04751381
-18,1.0,10,Burgess,0.046849143,0.046849143,0.99999976,0.046849143
-18,1.0,11,parasites,0.046337493,0.046337493,0.99999976,0.046337493
-18,1.0,12,Penalty,0.045332126,0.045332126,0.99999976,0.045332126
-18,1.0,13,Microwave,0.045006685,0.045006685,0.99999976,0.045006685
-18,1.0,14,Rahman,0.04457257,0.04457257,0.99999976,0.04457257
-18,1.0,15,兼,0.0444628,0.0444628,0.99999976,0.0444628
-18,1.0,16,Rena,0.04398849,0.04398849,0.99999976,0.04398849
-18,1.0,17,хоч,0.0439638,0.0439638,0.99999976,0.0439638
-18,1.0,18,веч,0.0438216,0.0438216,0.99999976,0.0438216
-18,1.0,19,Harry,0.043643102,0.043643102,0.99999976,0.043643102
-18,1.0,20,agony,0.043525167,0.043525167,0.99999976,0.043525167
-18,1.0,21,Birmingham,0.043299653,0.043299653,0.99999976,0.043299653
-18,1.0,22,Wien,0.04323551,0.04323551,0.99999976,0.04323551
-18,1.0,23,Salman,0.042993456,0.042993456,0.99999976,0.042993456
-18,1.0,24,matures,0.042978354,0.042978354,0.99999976,0.042978354
-18,1.0,25,Lowe,0.04287972,0.04287972,0.99999976,0.04287972
-18,1.0,26,Mahar,0.042828113,0.042828113,0.99999976,0.042828113
-18,1.0,27,Sergio,0.04268318,0.04268318,0.99999976,0.04268318
-18,1.0,28,Fellow,0.042541534,0.042541534,0.99999976,0.042541534
-18,1.0,29,fountain,0.04252109,0.04252109,0.99999976,0.04252109
-18,1.0,30,Lexington,0.042490937,0.042490937,0.99999976,0.042490937
-18,1.0,31,Harding,0.042488888,0.042488888,0.99999976,0.042488888
-18,1.0,32,ordinances,0.042260986,0.042260986,0.99999976,0.042260986
-18,1.0,33,elman,0.042067535,0.042067535,0.99999976,0.042067535
-18,1.0,34,overturned,0.042040728,0.042040728,0.99999976,0.042040728
-18,1.0,35,Scalia,0.041872047,0.041872047,0.99999976,0.041872047
-18,1.0,36,Ivan,0.041856673,0.041856673,0.99999976,0.041856673
-18,1.0,37,Senators,0.041619785,0.041619785,0.9999997,0.041619785
-18,1.0,38,の人,0.041604437,0.041604437,0.9999997,0.041604437
-18,1.0,39,María,0.041599296,0.041599296,0.9999997,0.041599296
-18,1.0,40,unnatural,0.041582614,0.041582614,0.9999997,0.041582614
-18,1.0,41,Dion,0.04151853,0.04151853,0.9999997,0.04151853
-18,1.0,42,Dennis,0.04149207,0.04149207,0.9999997,0.04149207
-18,1.0,43,الج,0.041488703,0.041488703,0.9999997,0.041488703
-18,1.0,44,Epstein,0.04145694,0.04145694,0.9999997,0.04145694
-18,1.0,45,radicals,0.041364722,0.041364722,0.9999997,0.041364722
-18,1.0,46,리고,0.040962,0.040962,0.9999997,0.040962
-18,1.0,47,fg,0.04090656,0.04090656,0.9999997,0.04090656
-18,1.0,48,Chung,0.040899694,0.040899694,0.9999997,0.040899694
-18,1.0,49,Rupert,0.04080596,0.04080596,0.9999997,0.04080596
-18,1.0,50,Pun,0.040770832,0.040770832,0.9999997,0.040770832
-19,1.0,1,Keto,0.05419737,0.05419737,0.9999998,0.05419737
-19,1.0,2,Ralph,0.051250458,0.051250458,0.99999976,0.051250458
-19,1.0,3,synth,0.05044912,0.05044912,0.99999976,0.05044912
-19,1.0,4,froze,0.04966329,0.04966329,0.99999976,0.04966329
-19,1.0,5,Rape,0.049443573,0.049443573,0.99999976,0.049443573
-19,1.0,6,RV,0.049011134,0.049011134,0.99999976,0.049011134
-19,1.0,7,vaping,0.048797317,0.048797317,0.99999976,0.048797317
-19,1.0,8,тот,0.047351778,0.047351778,0.99999976,0.047351778
-19,1.0,9,Juan,0.047208533,0.047208533,0.99999976,0.047208533
-19,1.0,10,umberland,0.045563973,0.045563973,0.99999976,0.045563973
-19,1.0,11,тек,0.044816136,0.044816136,0.99999976,0.044816136
-19,1.0,12,concise,0.044655073,0.044655073,0.99999976,0.044655073
-19,1.0,13,pests,0.04409423,0.04409423,0.99999976,0.04409423
-19,1.0,14,ời,0.043874577,0.043874577,0.99999976,0.043874577
-19,1.0,15,Gaza,0.04386457,0.04386457,0.99999976,0.04386457
-19,1.0,16,Дж,0.043721095,0.043721095,0.99999976,0.043721095
-19,1.0,17,eman,0.04365209,0.04365209,0.99999976,0.04365209
-19,1.0,18,柏,0.04358755,0.04358755,0.99999976,0.04358755
-19,1.0,19,etails,0.04300093,0.04300093,0.99999976,0.04300093
-19,1.0,20,cauliflower,0.042688437,0.042688437,0.99999976,0.042688437
-19,1.0,21,Yap,0.042557806,0.042557806,0.99999976,0.042557806
-19,1.0,22,веч,0.042530198,0.042530198,0.99999976,0.042530198
-19,1.0,23,Birmingham,0.04251789,0.04251789,0.99999976,0.04251789
-19,1.0,24,orca,0.042489007,0.042489007,0.99999976,0.042489007
-19,1.0,25,Juan,0.042464077,0.047208533,0.89949983,0.042464077
-19,1.0,26,Shame,0.042399913,0.042399913,0.99999976,0.042399913
-19,1.0,27,Jesse,0.04221352,0.04221352,0.99999976,0.04221352
-19,1.0,28,Stre,0.0420663,0.0420663,0.99999976,0.0420663
-19,1.0,29,opor,0.042017885,0.042017885,0.99999976,0.042017885
-19,1.0,30,جل,0.041909732,0.041909732,0.99999976,0.041909732
-19,1.0,31,iscrimination,0.04190184,0.04190184,0.99999976,0.04190184
-19,1.0,32,女子,0.041609537,0.041609537,0.9999997,0.041609537
-19,1.0,33,spir,0.04159455,0.04159455,0.9999997,0.04159455
-19,1.0,34,Panthers,0.041513532,0.041513532,0.9999997,0.041513532
-19,1.0,35,मर,0.04149428,0.04149428,0.9999997,0.04149428
-19,1.0,36,naked,0.04147181,0.04147181,0.9999997,0.04147181
-19,1.0,37,兼,0.041283976,0.041283976,0.9999997,0.041283976
-19,1.0,38,缘,0.041096885,0.041096885,0.9999997,0.041096885
-19,1.0,39,рей,0.04107861,0.04107861,0.9999997,0.04107861
-19,1.0,40,aura,0.041047387,0.041047387,0.9999997,0.041047387
-19,1.0,41,Му,0.040874794,0.040874794,0.9999997,0.040874794
-19,1.0,42,Microwave,0.040843923,0.040843923,0.9999997,0.040843923
-19,1.0,43,の人,0.040800475,0.040800475,0.9999997,0.040800475
-19,1.0,44,Api,0.04080043,0.04080043,0.9999997,0.04080043
-19,1.0,45,emit,0.040757306,0.040757306,0.9999997,0.040757306
-19,1.0,46,Appliances,0.040635474,0.040635474,0.9999997,0.040635474
-19,1.0,47,Ian,0.04059012,0.04059012,0.9999997,0.04059012
-19,1.0,48,الس,0.04052273,0.04052273,0.9999997,0.04052273
-19,1.0,49,Fernandez,0.040448017,0.040448017,0.9999997,0.040448017
-19,1.0,50,mış,0.040303227,0.040303227,0.9999997,0.040303227
-20,1.0,1,Panthers,0.04831616,0.04831616,0.99999976,0.04831616
-20,1.0,2,vaping,0.045155585,0.045155585,0.99999976,0.045155585
-20,1.0,3,Ivan,0.045152128,0.045152128,0.99999976,0.045152128
-20,1.0,4,Birmingham,0.044939764,0.044939764,0.99999976,0.044939764
-20,1.0,5,Andres,0.044872433,0.044872433,0.99999976,0.044872433
-20,1.0,6,María,0.04468859,0.04468859,0.99999976,0.04468859
-20,1.0,7,فاع,0.043888442,0.043888442,0.99999976,0.043888442
-20,1.0,8,spouses,0.043482136,0.043482136,0.99999976,0.043482136
-20,1.0,9,Roots,0.043048147,0.043048147,0.99999976,0.043048147
-20,1.0,10,essential,0.04277706,0.04277706,0.99999976,0.04277706
-20,1.0,11,Dynamics,0.042740166,0.042740166,0.99999976,0.042740166
-20,1.0,12,gles,0.042589404,0.042589404,0.99999976,0.042589404
-20,1.0,13,ossible,0.042376943,0.042376943,0.99999976,0.042376943
-20,1.0,14,หล,0.042293783,0.042293783,0.99999976,0.042293783
-20,1.0,15,哈,0.04209958,0.04209958,0.99999976,0.04209958
-20,1.0,16,.travel,0.042059526,0.042059526,0.99999976,0.042059526
-20,1.0,17,Blake,0.04201043,0.04201043,0.99999976,0.04201043
-20,1.0,18,/vendor,0.04199844,0.04199844,0.99999976,0.04199844
-20,1.0,19,opor,0.041938927,0.041938927,0.99999976,0.041938927
-20,1.0,20,Çocuk,0.041731544,0.041731544,0.99999976,0.041731544
-20,1.0,21,먼,0.04167013,0.04167013,0.99999976,0.04167013
-20,1.0,22,寺,0.041654848,0.041654848,0.9999997,0.041654848
-20,1.0,23,adığı,0.041273054,0.041273054,0.9999997,0.041273054
-20,1.0,24,Megan,0.041143533,0.041143533,0.9999997,0.041143533
-20,1.0,25,Petr,0.04095462,0.04095462,0.9999997,0.04095462
-20,1.0,26,Microwave,0.04083406,0.04083406,0.9999997,0.04083406
-20,1.0,27,Capac,0.040574,0.040574,0.9999997,0.040574
-20,1.0,28,hãy,0.04041235,0.04041235,0.9999997,0.04041235
-20,1.0,29,江,0.040242538,0.040242538,0.9999997,0.040242538
-20,1.0,30,Jose,0.03979958,0.03979958,0.9999997,0.03979958
-20,1.0,31,пар,0.039787494,0.039787494,0.9999997,0.039787494
-20,1.0,32,Yu,0.039724723,0.039724723,0.9999997,0.039724723
-20,1.0,33,妇,0.039649673,0.039649673,0.9999997,0.039649673
-20,1.0,34,ennessee,0.03944347,0.03944347,0.9999997,0.03944347
-20,1.0,35,outsourcing,0.03940935,0.03940935,0.9999997,0.03940935
-20,1.0,36,тот,0.03938687,0.03938687,0.9999997,0.03938687
-20,1.0,37,Sexy,0.039210446,0.039210446,0.9999997,0.039210446
-20,1.0,38,.photos,0.03911922,0.03911922,0.9999997,0.03911922
-20,1.0,39,뷰,0.03892579,0.03892579,0.9999997,0.03892579
-20,1.0,40,gw,0.038781017,0.038781017,0.9999997,0.038781017
-20,1.0,41,имени,0.038688205,0.038688205,0.9999997,0.038688205
-20,1.0,42,伏,0.038676586,0.038676586,0.9999997,0.038676586
-20,1.0,43,miserable,0.038659044,0.038659044,0.9999997,0.038659044
-20,1.0,44,领导,0.03845883,0.03845883,0.9999997,0.03845883
-20,1.0,45,妻,0.038438503,0.038438503,0.9999997,0.038438503
-20,1.0,46,gs,0.038405348,0.038405348,0.9999997,0.038405348
-20,1.0,47,宇,0.038306676,0.038306676,0.9999997,0.038306676
-20,1.0,48,华,0.038286805,0.038286805,0.9999997,0.038286805
-20,1.0,49,microwave,0.03818852,0.03818852,0.9999997,0.03818852
-20,1.0,50,hitch,0.03818107,0.03818107,0.9999997,0.03818107
-21,1.0,1,vaping,0.048836835,0.048836835,0.99999976,0.048836835
-21,1.0,2,Ivan,0.04788655,0.04788655,0.99999976,0.04788655
-21,1.0,3,Birmingham,0.047575563,0.047575563,0.99999976,0.047575563
-21,1.0,4,.travel,0.044531472,0.044531472,0.99999976,0.044531472
-21,1.0,5,Mohamed,0.04429146,0.04429146,0.99999976,0.04429146
-21,1.0,6,осков,0.04386108,0.04386108,0.99999976,0.04386108
-21,1.0,7,correlates,0.0437997,0.0437997,0.99999976,0.0437997
-21,1.0,8,Andres,0.04363045,0.04363045,0.99999976,0.04363045
-21,1.0,9,Specialty,0.043245435,0.043245435,0.99999976,0.043245435
-21,1.0,10,/details,0.04309723,0.04309723,0.99999976,0.04309723
-21,1.0,11,unnatural,0.042964093,0.042964093,0.99999976,0.042964093
-21,1.0,12,Antonio,0.042916395,0.042916395,0.99999976,0.042916395
-21,1.0,13,bankers,0.042478785,0.042478785,0.99999976,0.042478785
-21,1.0,14,ossible,0.042410553,0.042410553,0.99999976,0.042410553
-21,1.0,15,essential,0.042307287,0.042307287,0.99999976,0.042307287
-21,1.0,16,Fernandez,0.04210504,0.04210504,0.99999976,0.04210504
-21,1.0,17,Alice,0.04204326,0.04204326,0.99999976,0.04204326
-21,1.0,18,妈,0.041827224,0.041827224,0.99999976,0.041827224
-21,1.0,19,Variables,0.04175234,0.04175234,0.99999976,0.04175234
-21,1.0,20,宜,0.041423637,0.041423637,0.9999997,0.041423637
-21,1.0,21,먼,0.041161366,0.041161366,0.9999997,0.041161366
-21,1.0,22,Vy,0.04072301,0.04072301,0.9999997,0.04072301
-21,1.0,23,رف,0.04071103,0.04071103,0.9999997,0.04071103
-21,1.0,24,Mailer,0.040602803,0.040602803,0.9999997,0.040602803
-21,1.0,25,aticon,0.040585548,0.040585548,0.9999997,0.040585548
-21,1.0,26,Hindus,0.040454753,0.040454753,0.9999997,0.040454753
-21,1.0,27,attacked,0.040352546,0.040352546,0.9999997,0.040352546
-21,1.0,28,publishers,0.039915238,0.039915238,0.9999997,0.039915238
-21,1.0,29,entails,0.039907027,0.039907027,0.9999997,0.039907027
-21,1.0,30,listeners,0.039716557,0.039716557,0.9999997,0.039716557
-21,1.0,31,dispute,0.03969622,0.03969622,0.9999997,0.03969622
-21,1.0,32,Chand,0.039637133,0.039637133,0.9999997,0.039637133
-21,1.0,33,ایت,0.03955009,0.03955009,0.9999997,0.03955009
-21,1.0,34,Listeners,0.03950834,0.03950834,0.9999997,0.03950834
-21,1.0,35,Perry,0.039382517,0.039382517,0.9999997,0.039382517
-21,1.0,36,Ecc,0.039216332,0.039216332,0.9999997,0.039216332
-21,1.0,37,Petr,0.03914509,0.03914509,0.9999997,0.03914509
-21,1.0,38,adığı,0.039052352,0.039052352,0.9999997,0.039052352
-21,1.0,39,Kaiser,0.03901063,0.03901063,0.9999997,0.03901063
-21,1.0,40,Stevens,0.038902223,0.038902223,0.9999997,0.038902223
-21,1.0,41,ιαν,0.038888615,0.038888615,0.9999997,0.038888615
-21,1.0,42,آم,0.03888192,0.03888192,0.9999997,0.03888192
-21,1.0,43,فاع,0.038816005,0.038816005,0.9999997,0.038816005
-21,1.0,44,idget,0.03856276,0.03856276,0.9999997,0.03856276
-21,1.0,45,Panthers,0.038555488,0.038555488,0.9999997,0.038555488
-21,1.0,46,位于,0.03841944,0.03841944,0.9999997,0.03841944
-21,1.0,47,Elias,0.038418464,0.038418464,0.9999997,0.038418464
-21,1.0,48,wrongful,0.038405076,0.038405076,0.9999997,0.038405076
-21,1.0,49,联,0.038155064,0.038155064,0.9999997,0.038155064
-21,1.0,50,summaries,0.038104285,0.038104285,0.9999997,0.038104285
-22,1.0,1,accomplishments,0.04777327,0.04777327,0.99999976,0.04777327
-22,1.0,2,liberties,0.045121446,0.045121446,0.99999976,0.045121446
-22,1.0,3,Variables,0.044740744,0.044740744,0.99999976,0.044740744
-22,1.0,4,Salman,0.04424681,0.04424681,0.99999976,0.04424681
-22,1.0,5,Alec,0.044104706,0.044104706,0.99999976,0.044104706
-22,1.0,6,unnatural,0.04354176,0.04354176,0.99999976,0.04354176
-22,1.0,7,geme,0.043339435,0.043339435,0.99999976,0.043339435
-22,1.0,8,parallel,0.04276588,0.04276588,0.99999976,0.04276588
-22,1.0,9,وال,0.042135768,0.042135768,0.99999976,0.042135768
-22,1.0,10,Odyssey,0.041985907,0.041985907,0.99999976,0.041985907
-22,1.0,11,afs,0.04153701,0.04153701,0.9999997,0.04153701
-22,1.0,12,ails,0.041130945,0.041130945,0.9999997,0.041130945
-22,1.0,13,فاع,0.040985186,0.040985186,0.9999997,0.040985186
-22,1.0,14,hourly,0.04089617,0.04089617,0.9999997,0.04089617
-22,1.0,15,publishers,0.04086271,0.04086271,0.9999997,0.04086271
-22,1.0,16,Birmingham,0.04066006,0.04066006,0.9999997,0.04066006
-22,1.0,17,wrongful,0.04059323,0.04059323,0.9999997,0.04059323
-22,1.0,18,Checking,0.040550575,0.040550575,0.9999997,0.040550575
-22,1.0,19,reacts,0.040340792,0.040340792,0.9999997,0.040340792
-22,1.0,20,witches,0.040311445,0.040311445,0.9999997,0.040311445
-22,1.0,21,murdering,0.040144373,0.040144373,0.9999997,0.040144373
-22,1.0,22,될,0.040065765,0.040065765,0.9999997,0.040065765
-22,1.0,23,Avery,0.039891988,0.039891988,0.9999997,0.039891988
-22,1.0,24,ounds,0.039778054,0.039778054,0.9999997,0.039778054
-22,1.0,25,رف,0.039764144,0.039764144,0.9999997,0.039764144
-22,1.0,26,stupidity,0.039735105,0.039735105,0.9999997,0.039735105
-22,1.0,27,Metals,0.039395045,0.039395045,0.9999997,0.039395045
-22,1.0,28,attacked,0.039378416,0.039378416,0.9999997,0.039378416
-22,1.0,29,Antonio,0.039290067,0.039290067,0.9999997,0.039290067
-22,1.0,30,Hindus,0.039049987,0.039049987,0.9999997,0.039049987
-22,1.0,31,Burr,0.03902415,0.03902415,0.9999997,0.03902415
-22,1.0,32,complaints,0.038925007,0.038925007,0.9999997,0.038925007
-22,1.0,33,Strategy,0.038798276,0.038798276,0.9999997,0.038798276
-22,1.0,34,summaries,0.038775384,0.038775384,0.9999997,0.038775384
-22,1.0,35,Autom,0.03877186,0.03877186,0.9999997,0.03877186
-22,1.0,36,debts,0.03858343,0.03858343,0.9999997,0.03858343
-22,1.0,37,utz,0.038534794,0.038534794,0.9999997,0.038534794
-22,1.0,38,Parallel,0.038506925,0.038506925,0.9999997,0.038506925
-22,1.0,39,Alberta,0.03845226,0.03845226,0.9999997,0.03845226
-22,1.0,40,Specialty,0.03844267,0.03844267,0.9999997,0.03844267
-22,1.0,41,nuevos,0.038393863,0.038393863,0.9999997,0.038393863
-22,1.0,42,decimals,0.038361877,0.038361877,0.9999997,0.038361877
-22,1.0,43,rivalry,0.038321782,0.038321782,0.9999997,0.038321782
-22,1.0,44,ضمن,0.038156234,0.038156234,0.9999997,0.038156234
-22,1.0,45,.files,0.03801172,0.03801172,0.9999997,0.03801172
-22,1.0,46,sparked,0.038002975,0.038002975,0.9999997,0.038002975
-22,1.0,47,twin,0.037955035,0.037955035,0.9999997,0.037955035
-22,1.0,48,Suarez,0.037902895,0.037902895,0.9999997,0.037902895
-22,1.0,49,华,0.037779063,0.037779063,0.9999997,0.037779063
-22,1.0,50,buys,0.03775248,0.03775248,0.9999997,0.03775248
-23,1.0,1,utz,0.053150132,0.053150132,0.99999976,0.053150132
-23,1.0,2,publishers,0.04961887,0.04961887,0.99999976,0.04961887
-23,1.0,3,idge,0.04693326,0.04693326,0.99999976,0.04693326
-23,1.0,4,Checking,0.046750918,0.046750918,0.99999976,0.046750918
-23,1.0,5,Salman,0.046602815,0.046602815,0.99999976,0.046602815
-23,1.0,6,revolutions,0.044620916,0.044620916,0.99999976,0.044620916
-23,1.0,7,hourly,0.043173686,0.043173686,0.99999976,0.043173686
-23,1.0,8,publishes,0.043134507,0.043134507,0.99999976,0.043134507
-23,1.0,9,riminal,0.043100715,0.043100715,0.99999976,0.043100715
-23,1.0,10,.in,0.042630114,0.042630114,0.99999976,0.042630114
-23,1.0,11,Estates,0.042454734,0.042454734,0.99999976,0.042454734
-23,1.0,12,-resistant,0.04224683,0.04224683,0.99999976,0.04224683
-23,1.0,13,hoje,0.04190532,0.04190532,0.99999976,0.04190532
-23,1.0,14,teaspoon,0.04179046,0.04179046,0.99999976,0.04179046
-23,1.0,15,microwave,0.041518766,0.041518766,0.9999997,0.041518766
-23,1.0,16,Miscellaneous,0.041329116,0.041329116,0.9999997,0.041329116
-23,1.0,17,Kushner,0.04126794,0.04126794,0.9999997,0.04126794
-23,1.0,18,Observation,0.040934786,0.040934786,0.9999997,0.040934786
-23,1.0,19,Defense,0.04062804,0.04062804,0.9999997,0.04062804
-23,1.0,20,witches,0.04058384,0.04058384,0.9999997,0.04058384
-23,1.0,21,.ConnectionStrings,0.040500578,0.040500578,0.9999997,0.040500578
-23,1.0,22,Townsend,0.040238038,0.040238038,0.9999997,0.040238038
-23,1.0,23,вед,0.04010856,0.04010856,0.9999997,0.04010856
-23,1.0,24,escaping,0.039929528,0.039929528,0.9999997,0.039929528
-23,1.0,25,Bail,0.039914496,0.039914496,0.9999997,0.039914496
-23,1.0,26,financial,0.039883688,0.039883688,0.9999997,0.039883688
-23,1.0,27,vaping,0.039865796,0.039865796,0.9999997,0.039865796
-23,1.0,28,year,0.039824083,0.039824083,0.9999997,0.039824083
-23,1.0,29,Borders,0.039798982,0.039798982,0.9999997,0.039798982
-23,1.0,30,vulnerabilities,0.039747763,0.039747763,0.9999997,0.039747763
-23,1.0,31,immortal,0.039708793,0.039708793,0.9999997,0.039708793
-23,1.0,32,ramifications,0.039506763,0.039506763,0.9999997,0.039506763
-23,1.0,33,stellung,0.039245553,0.039245553,0.9999997,0.039245553
-23,1.0,34,разработ,0.039244283,0.039244283,0.9999997,0.039244283
-23,1.0,35,取,0.03915269,0.03915269,0.9999997,0.03915269
-23,1.0,36,Comparable,0.03908915,0.03908915,0.9999997,0.03908915
-23,1.0,37,bursement,0.038893364,0.038893364,0.9999997,0.038893364
-23,1.0,38,Amar,0.03889007,0.03889007,0.9999997,0.03889007
-23,1.0,39,poets,0.0388599,0.0388599,0.9999997,0.0388599
-23,1.0,40,transcend,0.038858503,0.038858503,0.9999997,0.038858503
-23,1.0,41,Alien,0.038827516,0.038827516,0.9999997,0.038827516
-23,1.0,42,이름,0.03878036,0.03878036,0.9999997,0.03878036
-23,1.0,43,optim,0.03876947,0.03876947,0.9999997,0.03876947
-23,1.0,44,본,0.038722456,0.038722456,0.9999997,0.038722456
-23,1.0,45,miniature,0.038635608,0.038635608,0.9999997,0.038635608
-23,1.0,46,ALTH,0.03835374,0.03835374,0.9999997,0.03835374
-23,1.0,47,_player,0.038294036,0.038294036,0.9999997,0.038294036
-23,1.0,48,Antonio,0.0380214,0.0380214,0.9999997,0.0380214
-23,1.0,49,今年,0.037962936,0.037962936,0.9999997,0.037962936
-23,1.0,50,IPC,0.037959225,0.037959225,0.9999997,0.037959225
-24,1.0,1,Tracking,0.05173703,0.05173703,0.99999976,0.05173703
-24,1.0,2,Psalm,0.047641706,0.047641706,0.99999976,0.047641706
-24,1.0,3,experimenting,0.04739808,0.04739808,0.99999976,0.04739808
-24,1.0,4,MAG,0.047031216,0.047031216,0.99999976,0.047031216
-24,1.0,5,Poetry,0.045099024,0.045099024,0.99999976,0.045099024
-24,1.0,6,ificacion,0.044769574,0.044769574,0.99999976,0.044769574
-24,1.0,7,`](,0.044717737,0.044717737,0.99999976,0.044717737
-24,1.0,8,_sa,0.04442686,0.04442686,0.99999976,0.04442686
-24,1.0,9,contracted,0.043681666,0.043681666,0.99999976,0.043681666
-24,1.0,10,autobi,0.041902315,0.041902315,0.99999976,0.041902315
-24,1.0,11,marketers,0.041593857,0.041593857,0.9999997,0.041593857
-24,1.0,12,.Asset,0.04146335,0.04146335,0.9999997,0.04146335
-24,1.0,13,payments,0.0408487,0.0408487,0.9999997,0.0408487
-24,1.0,14,.adv,0.040471215,0.040471215,0.9999997,0.040471215
-24,1.0,15,diversified,0.040396035,0.040396035,0.9999997,0.040396035
-24,1.0,16,serving,0.04029766,0.04029766,0.9999997,0.04029766
-24,1.0,17,Annotations,0.040246706,0.040246706,0.9999997,0.040246706
-24,1.0,18,invitation,0.040214892,0.040214892,0.9999997,0.040214892
-24,1.0,19,.photos,0.040092878,0.040092878,0.9999997,0.040092878
-24,1.0,20,Provincial,0.03998022,0.03998022,0.9999997,0.03998022
-24,1.0,21,れ,0.03931655,0.03931655,0.9999997,0.03931655
-24,1.0,22,Participation,0.039293773,0.039293773,0.9999997,0.039293773
-24,1.0,23,>::,0.039290354,0.039290354,0.9999997,0.039290354
-24,1.0,24,trilogy,0.039248448,0.039248448,0.9999997,0.039248448
-24,1.0,25,.allocate,0.039050743,0.039050743,0.9999997,0.039050743
-24,1.0,26,bull,0.03899806,0.03899806,0.9999997,0.03899806
-24,1.0,27,а�,0.03888896,0.03888896,0.9999997,0.03888896
-24,1.0,28,rites,0.038884267,0.038884267,0.9999997,0.038884267
-24,1.0,29,teaspoon,0.038709737,0.038709737,0.9999997,0.038709737
-24,1.0,30,.tracks,0.038535684,0.038535684,0.9999997,0.038535684
-24,1.0,31,originated,0.038488794,0.038488794,0.9999997,0.038488794
-24,1.0,32,_EQ,0.038403466,0.038403466,0.9999997,0.038403466
-24,1.0,33,家族,0.03836002,0.03836002,0.9999997,0.03836002
-24,1.0,34,stellung,0.038336042,0.038336042,0.9999997,0.038336042
-24,1.0,35,bona,0.03832916,0.03832916,0.9999997,0.03832916
-24,1.0,36,میلی,0.038155947,0.038155947,0.9999997,0.038155947
-24,1.0,37,_IMPORT,0.038129628,0.038129628,0.9999997,0.038129628
-24,1.0,38,Counter,0.038067482,0.038067482,0.9999997,0.038067482
-24,1.0,39,返,0.03803177,0.03803177,0.9999997,0.03803177
-24,1.0,40,allel,0.037994675,0.037994675,0.9999997,0.037994675
-24,1.0,41,publishers,0.037965126,0.037965126,0.9999997,0.037965126
-24,1.0,42,EVP,0.03794878,0.03794878,0.9999997,0.03794878
-24,1.0,43,Begins,0.03787627,0.03787627,0.9999997,0.03787627
-24,1.0,44,"=""../",0.037823915,0.037823915,0.9999997,0.037823915
-24,1.0,45,_EXPR,0.037556008,0.037556008,0.9999997,0.037556008
-24,1.0,46,.Pending,0.03743652,0.03743652,0.9999997,0.03743652
-24,1.0,47,DU,0.037371494,0.037371494,0.9999997,0.037371494
-24,1.0,48,publishes,0.03710397,0.03710397,0.9999997,0.03710397
-24,1.0,49,.validation,0.037096582,0.037096582,0.9999997,0.037096582
-24,1.0,50,(total,0.037081506,0.037081506,0.9999997,0.037081506
-25,1.0,1,.*?),0.049953394,0.049953394,0.99999976,0.049953394
-25,1.0,2,_[,0.04984094,0.04984094,0.99999976,0.04984094
-25,1.0,3,メ,0.04496423,0.04496423,0.99999976,0.04496423
-25,1.0,4,/company,0.04478263,0.04478263,0.99999976,0.04478263
-25,1.0,5,基,0.04438526,0.04438526,0.99999976,0.04438526
-25,1.0,6,xac,0.04330574,0.04330574,0.99999976,0.04330574
-25,1.0,7,personal,0.042620745,0.042620745,0.99999976,0.042620745
-25,1.0,8,элемент,0.042083476,0.042083476,0.99999976,0.042083476
-25,1.0,9,_cr,0.041876446,0.041876446,0.99999976,0.041876446
-25,1.0,10,cedar,0.041217156,0.041217156,0.9999997,0.041217156
-25,1.0,11,vulnerabilities,0.041014455,0.041014455,0.9999997,0.041014455
-25,1.0,12,EVP,0.040770732,0.040770732,0.9999997,0.040770732
-25,1.0,13,IPC,0.0400107,0.0400107,0.9999997,0.0400107
-25,1.0,14,оятель,0.039966855,0.039966855,0.9999997,0.039966855
-25,1.0,15,AppleWebKit,0.03995662,0.03995662,0.9999997,0.03995662
-25,1.0,16,contracted,0.039850295,0.039850295,0.9999997,0.039850295
-25,1.0,17,/ic,0.039624386,0.039624386,0.9999997,0.039624386
-25,1.0,18,ِ,0.03959551,0.03959551,0.9999997,0.03959551
-25,1.0,19,び,0.039429277,0.039429277,0.9999997,0.039429277
-25,1.0,20,الذي,0.039245017,0.039245017,0.9999997,0.039245017
-25,1.0,21,influenza,0.039212573,0.039212573,0.9999997,0.039212573
-25,1.0,22,vitae,0.039087325,0.039087325,0.9999997,0.039087325
-25,1.0,23,_sa,0.038903065,0.038903065,0.9999997,0.038903065
-25,1.0,24,––,0.038854584,0.038854584,0.9999997,0.038854584
-25,1.0,25,%).,0.038716137,0.038716137,0.9999997,0.038716137
-25,1.0,26,是什么,0.038575362,0.038575362,0.9999997,0.038575362
-25,1.0,27,QR,0.038481597,0.038481597,0.9999997,0.038481597
-25,1.0,28,gönder,0.038282197,0.038282197,0.9999997,0.038282197
-25,1.0,29,Installer,0.038168624,0.038168624,0.9999997,0.038168624
-25,1.0,30,Kushner,0.03813656,0.03813656,0.9999997,0.03813656
-25,1.0,31,.handleError,0.038130008,0.038130008,0.9999997,0.038130008
-25,1.0,32,너,0.03807444,0.03807444,0.9999997,0.03807444
-25,1.0,33,jel,0.03802799,0.03802799,0.9999997,0.03802799
-25,1.0,34,ledger,0.038003616,0.038003616,0.9999997,0.038003616
-25,1.0,35,-compose,0.037968803,0.037968803,0.9999997,0.037968803
-25,1.0,36,dov,0.03787888,0.03787888,0.9999997,0.03787888
-25,1.0,37,intimidation,0.03786341,0.03786341,0.9999997,0.03786341
-25,1.0,38,belonged,0.037858598,0.037858598,0.9999997,0.037858598
-25,1.0,39,券,0.037787363,0.037787363,0.9999997,0.037787363
-25,1.0,40,_________________,0.03769822,0.03769822,0.9999997,0.03769822
-25,1.0,41,Determines,0.03765133,0.03765133,0.9999997,0.03765133
-25,1.0,42,될,0.037607327,0.037607327,0.9999997,0.037607327
-25,1.0,43,-с,0.03747098,0.03747098,0.9999997,0.03747098
-25,1.0,44,878,0.037468478,0.037468478,0.9999997,0.037468478
-25,1.0,45,نیاز,0.03746835,0.03746835,0.9999997,0.03746835
-25,1.0,46,�,0.037464567,0.037464567,0.9999997,0.037464567
-25,1.0,47,[*,0.037436947,0.037436947,0.9999997,0.037436947
-25,1.0,48,Shel,0.037397183,0.037397183,0.9999997,0.037397183
-25,1.0,49,cervical,0.037343465,0.037343465,0.9999997,0.037343465
-25,1.0,50,液,0.03728176,0.03728176,0.9999997,0.03728176
-26,0.99999994,1,บรร,0.051964097,0.051964097,0.99999976,0.0519641
-26,0.99999994,2,ýv,0.047968805,0.047968805,0.99999976,0.04796881
-26,0.99999994,3,の大,0.04697635,0.04697635,0.99999976,0.046976354
-26,0.99999994,4,.hy,0.045001373,0.045001373,0.99999976,0.045001376
-26,0.99999994,5,EVP,0.044798218,0.044798218,0.99999976,0.04479822
-26,0.99999994,6,^^,0.044730343,0.044730343,0.99999976,0.044730347
-26,0.99999994,7,compensate,0.04407236,0.04407236,0.99999976,0.044072364
-26,0.99999994,8,großen,0.04369232,0.04369232,0.99999976,0.043692324
-26,0.99999994,9,fruity,0.042867437,0.042867437,0.99999976,0.04286744
-26,0.99999994,10,stamp,0.042624176,0.042624176,0.99999976,0.04262418
-26,0.99999994,11,.Call,0.042217676,0.042217676,0.99999976,0.04221768
-26,0.99999994,12,domic,0.042109642,0.042109642,0.99999976,0.042109646
-26,0.99999994,13,=len,0.042042412,0.042042412,0.99999976,0.042042416
-26,0.99999994,14,columns,0.041989174,0.041989174,0.99999976,0.041989177
-26,0.99999994,15,�,0.041947976,0.041947976,0.99999976,0.04194798
-26,0.99999994,16,.ipv,0.041933943,0.041933943,0.99999976,0.041933946
-26,0.99999994,17,andatory,0.04187226,0.04187226,0.99999976,0.041872263
-26,0.99999994,18,setLabel,0.041717406,0.041717406,0.99999976,0.04171741
-26,0.99999994,19,Politico,0.04138817,0.04138817,0.9999997,0.041388173
-26,0.99999994,20,*.,0.041151665,0.041151665,0.9999997,0.04115167
-26,0.99999994,21,_VERIFY,0.04089611,0.04089611,0.9999997,0.040896114
-26,0.99999994,22,887,0.040877465,0.040877465,0.9999997,0.04087747
-26,0.99999994,23,titul,0.040794868,0.040794868,0.9999997,0.04079487
-26,0.99999994,24,consectetur,0.04079137,0.04079137,0.9999997,0.040791374
-26,0.99999994,25,âl,0.04073037,0.04073037,0.9999997,0.040730372
-26,0.99999994,26,enco,0.040715657,0.040715657,0.9999997,0.04071566
-26,0.99999994,27,581,0.04063137,0.04063137,0.9999997,0.040631372
-26,0.99999994,28,_sa,0.040597234,0.040597234,0.9999997,0.040597238
-26,0.99999994,29,riminal,0.040491626,0.040491626,0.9999997,0.04049163
-26,0.99999994,30,Update,0.04030513,0.04030513,0.9999997,0.040305134
-26,0.99999994,31,ipv,0.040273316,0.040273316,0.9999997,0.04027332
-26,0.99999994,32,PRIV,0.04023941,0.04023941,0.9999997,0.040239412
-26,0.99999994,33,>>();,0.040231217,0.040231217,0.9999997,0.04023122
-26,0.99999994,34,insufficient,0.04021367,0.04021367,0.9999997,0.040213674
-26,0.99999994,35,unmatched,0.040061526,0.040061526,0.9999997,0.04006153
-26,0.99999994,36,"_"",",0.03994434,0.03994434,0.9999997,0.039944343
-26,0.99999994,37,manı,0.039885893,0.039885893,0.9999997,0.039885897
-26,0.99999994,38,,0.039883852,0.039883852,0.9999997,0.039883856
-26,0.99999994,39,.Action,0.039766572,0.039766572,0.9999997,0.039766576
-26,0.99999994,40,IDENT,0.039707534,0.039707534,0.9999997,0.039707538
-26,0.99999994,41,_udp,0.039581746,0.039581746,0.9999997,0.03958175
-26,0.99999994,42,":"",",0.039558273,0.039558273,0.9999997,0.039558277
-26,0.99999994,43,#!,0.03953901,0.03953901,0.9999997,0.039539013
-26,0.99999994,44,encode,0.03945598,0.03945598,0.9999997,0.039455984
-26,0.99999994,45,су,0.039336815,0.039336815,0.9999997,0.03933682
-26,0.99999994,46,boring,0.039289206,0.039289206,0.9999997,0.03928921
-26,0.99999994,47,Perception,0.039036214,0.039036214,0.9999997,0.039036218
-26,0.99999994,48,.required,0.038694628,0.038694628,0.9999997,0.03869463
-26,0.99999994,49,Taiwanese,0.038666204,0.038666204,0.9999997,0.038666207
-26,0.99999994,50,_Key,0.038663976,0.038663976,0.9999997,0.03866398
-27,1.0,1,Establish,0.048347894,0.048347894,0.99999976,0.048347894
-27,1.0,2,meng,0.047439724,0.047439724,0.99999976,0.047439724
-27,1.0,3,Cd,0.045812238,0.045812238,0.99999976,0.045812238
-27,1.0,4,viên,0.043864988,0.043864988,0.99999976,0.043864988
-27,1.0,5,Gateway,0.043723308,0.043723308,0.99999976,0.043723308
-27,1.0,6,consectetur,0.043612234,0.043612234,0.99999976,0.043612234
-27,1.0,7,Tri,0.043120455,0.043120455,0.99999976,0.043120455
-27,1.0,8,_-_,0.042859588,0.042859588,0.99999976,0.042859588
-27,1.0,9,โ,0.04238756,0.04238756,0.99999976,0.04238756
-27,1.0,10,crunchy,0.042203274,0.042203274,0.99999976,0.042203274
-27,1.0,11,lerce,0.04208897,0.04208897,0.99999976,0.04208897
-27,1.0,12,هي,0.041982785,0.041982785,0.99999976,0.041982785
-27,1.0,13,authenticate,0.0416723,0.0416723,0.99999976,0.0416723
-27,1.0,14,structors,0.041425057,0.041425057,0.9999997,0.041425057
-27,1.0,15,Pu,0.041315272,0.041315272,0.9999997,0.041315272
-27,1.0,16,Initialized,0.041272745,0.041272745,0.9999997,0.041272745
-27,1.0,17,CoreApplication,0.040652722,0.040652722,0.9999997,0.040652722
-27,1.0,18,Female,0.04046351,0.04046351,0.9999997,0.04046351
-27,1.0,19,slogan,0.04032566,0.04032566,0.9999997,0.04032566
-27,1.0,20,sleek,0.040301472,0.040301472,0.9999997,0.040301472
-27,1.0,21,＝,0.04028944,0.04028944,0.9999997,0.04028944
-27,1.0,22,borah,0.040256277,0.040256277,0.9999997,0.040256277
-27,1.0,23,DataColumn,0.04014787,0.04014787,0.9999997,0.04014787
-27,1.0,24,县,0.04001473,0.04001473,0.9999997,0.04001473
-27,1.0,25,加,0.039928626,0.039928626,0.9999997,0.039928626
-27,1.0,26,.Get,0.03979259,0.03979259,0.9999997,0.03979259
-27,1.0,27,zzarella,0.03978449,0.03978449,0.9999997,0.03978449
-27,1.0,28,Sz,0.03976118,0.03976118,0.9999997,0.03976118
-27,1.0,29,olarak,0.03965687,0.03965687,0.9999997,0.03965687
-27,1.0,30,Beautiful,0.03960631,0.03960631,0.9999997,0.03960631
-27,1.0,31,Projects,0.039592594,0.039592594,0.9999997,0.039592594
-27,1.0,32,deki,0.039586306,0.039586306,0.9999997,0.039586306
-27,1.0,33,ır,0.039142467,0.039142467,0.9999997,0.039142467
-27,1.0,34,missive,0.039138824,0.039138824,0.9999997,0.039138824
-27,1.0,35,Aralık,0.039106086,0.039106086,0.9999997,0.039106086
-27,1.0,36,уже,0.03907714,0.03907714,0.9999997,0.03907714
-27,1.0,37,委員,0.03872633,0.03872633,0.9999997,0.03872633
-27,1.0,38,bung,0.038713135,0.038713135,0.9999997,0.038713135
-27,1.0,39,ngon,0.038637392,0.038637392,0.9999997,0.038637392
-27,1.0,40,_UN,0.038354523,0.038354523,0.9999997,0.038354523
-27,1.0,41,_memcpy,0.038330786,0.038330786,0.9999997,0.038330786
-27,1.0,42,cô,0.03821323,0.03821323,0.9999997,0.03821323
-27,1.0,43,tst,0.038200263,0.038200263,0.9999997,0.038200263
-27,1.0,44,.Trans,0.038077764,0.038077764,0.9999997,0.038077764
-27,1.0,45,gdy,0.0380608,0.0380608,0.9999997,0.0380608
-27,1.0,46,Vimeo,0.038059905,0.038059905,0.9999997,0.038059905
-27,1.0,47,элемент,0.038021743,0.038021743,0.9999997,0.038021743
-27,1.0,48,fruity,0.037871357,0.037871357,0.9999997,0.037871357
-27,1.0,49,_option,0.037828922,0.037828922,0.9999997,0.037828922
-27,1.0,50,学习,0.037742637,0.037742637,0.9999997,0.037742637
-28,1.0,1,Missouri,0.050390627,0.050390627,0.99999976,0.050390627
-28,1.0,2,Deaths,0.04515048,0.04515048,0.99999976,0.04515048
-28,1.0,3,-cr,0.043913223,0.043913223,0.99999976,0.043913223
-28,1.0,4,Courtney,0.04376892,0.04376892,0.99999976,0.04376892
-28,1.0,5,を作,0.04267827,0.04267827,0.99999976,0.04267827
-28,1.0,6,tbody,0.04262138,0.04262138,0.99999976,0.04262138
-28,1.0,7,bam,0.042501755,0.042501755,0.99999976,0.042501755
-28,1.0,8,ificates,0.042465325,0.042465325,0.99999976,0.042465325
-28,1.0,9,Cunningham,0.04166494,0.04166494,0.9999997,0.04166494
-28,1.0,10,gönder,0.041261125,0.041261125,0.9999997,0.041261125
-28,1.0,11,viên,0.04095565,0.04095565,0.9999997,0.04095565
-28,1.0,12,descriptive,0.040518917,0.040518917,0.9999997,0.040518917
-28,1.0,13,sidewalks,0.040496185,0.040496185,0.9999997,0.040496185
-28,1.0,14,acobian,0.040345743,0.040345743,0.9999997,0.040345743
-28,1.0,15,bur,0.040081613,0.040081613,0.9999997,0.040081613
-28,1.0,16,roduced,0.040066164,0.040066164,0.9999997,0.040066164
-28,1.0,17,vt,0.04000384,0.04000384,0.9999997,0.04000384
-28,1.0,18,Cd,0.039999653,0.039999653,0.9999997,0.039999653
-28,1.0,19,irresponsible,0.03989817,0.03989817,0.9999997,0.03989817
-28,1.0,20,elerde,0.03988929,0.03988929,0.9999997,0.03988929
-28,1.0,21,underscore,0.0392299,0.0392299,0.9999997,0.0392299
-28,1.0,22,commemor,0.039068695,0.039068695,0.9999997,0.039068695
-28,1.0,23,γγελ,0.038416866,0.038416866,0.9999997,0.038416866
-28,1.0,24,acey,0.038354322,0.038354322,0.9999997,0.038354322
-28,1.0,25,ỗi,0.038284823,0.038284823,0.9999997,0.038284823
-28,1.0,26,setError,0.03826367,0.03826367,0.9999997,0.03826367
-28,1.0,27,peng,0.038200647,0.038200647,0.9999997,0.038200647
-28,1.0,28,Woman,0.038002495,0.038002495,0.9999997,0.038002495
-28,1.0,29,ariant,0.037919745,0.037919745,0.9999997,0.037919745
-28,1.0,30,Ka,0.03776597,0.03776597,0.9999997,0.03776597
-28,1.0,31,datal,0.037747577,0.037747577,0.9999997,0.037747577
-28,1.0,32,=this,0.037616283,0.037616283,0.9999997,0.037616283
-28,1.0,33,ـــ,0.03729543,0.03729543,0.9999997,0.03729543
-28,1.0,34,℃,0.03729038,0.03729038,0.9999997,0.03729038
-28,1.0,35,ящих,0.037270263,0.037270263,0.9999997,0.037270263
-28,1.0,36,columns,0.03720918,0.03720918,0.9999997,0.03720918
-28,1.0,37,crossword,0.037142284,0.037142284,0.9999997,0.037142284
-28,1.0,38,gregator,0.037046798,0.037046798,0.9999997,0.037046798
-28,1.0,39,follower,0.03690142,0.03690142,0.9999997,0.03690142
-28,1.0,40,_ds,0.03687504,0.03687504,0.9999997,0.03687504
-28,1.0,41,436,0.03672479,0.03672479,0.9999997,0.03672479
-28,1.0,42,multiplayer,0.036612242,0.036612242,0.9999997,0.036612242
-28,1.0,43,óc,0.036609966,0.036609966,0.9999997,0.036609966
-28,1.0,44,ící,0.036497787,0.036497787,0.9999997,0.036497787
-28,1.0,45,umberland,0.036453042,0.036453042,0.9999997,0.036453042
-28,1.0,46,かい,0.03640618,0.03640618,0.9999997,0.03640618
-28,1.0,47,ADF,0.036365997,0.036365997,0.9999997,0.036365997
-28,1.0,48,ٌ,0.03629521,0.03629521,0.9999997,0.03629521
-28,1.0,49,cai,0.03615905,0.03615905,0.9999997,0.03615905
-28,1.0,50,Permissions,0.036152836,0.036152836,0.9999997,0.036152836
-29,1.0,1,tober,0.04449898,0.04449898,0.99999976,0.04449898
-29,1.0,2,较,0.043169472,0.043169472,0.99999976,0.043169472
-29,1.0,3,Cohen,0.04181558,0.04181558,0.99999976,0.04181558
-29,1.0,4,_into,0.04044257,0.04044257,0.9999997,0.04044257
-29,1.0,5,949,0.04032265,0.04032265,0.9999997,0.04032265
-29,1.0,6,vt,0.040222965,0.040222965,0.9999997,0.040222965
-29,1.0,7,Limits,0.039570224,0.039570224,0.9999997,0.039570224
-29,1.0,8,}`,0.039114237,0.039114237,0.9999997,0.039114237
-29,1.0,9,.cm,0.038860515,0.038860515,0.9999997,0.038860515
-29,1.0,10,eyebrows,0.038599264,0.038599264,0.9999997,0.038599264
-29,1.0,11,.ec,0.038354136,0.038354136,0.9999997,0.038354136
-29,1.0,12,_rows,0.038324613,0.038324613,0.9999997,0.038324613
-29,1.0,13,commas,0.037963174,0.037963174,0.9999997,0.037963174
-29,1.0,14,-semibold,0.037934303,0.037934303,0.9999997,0.037934303
-29,1.0,15,Serbian,0.037912257,0.037912257,0.9999997,0.037912257
-29,1.0,16,lickr,0.03790664,0.03790664,0.9999997,0.03790664
-29,1.0,17,ыми,0.0377105,0.0377105,0.9999997,0.0377105
-29,1.0,18,酸,0.0376774,0.0376774,0.9999997,0.0376774
-29,1.0,19,ndo,0.037618436,0.037618436,0.9999997,0.037618436
-29,1.0,20,�,0.037529744,0.037529744,0.9999997,0.037529744
-29,1.0,21,시,0.037468273,0.037468273,0.9999997,0.037468273
-29,1.0,22,journalists,0.037383847,0.037383847,0.9999997,0.037383847
-29,1.0,23,//*[@,0.036995422,0.036995422,0.9999997,0.036995422
-29,1.0,24,设置,0.03677457,0.03677457,0.9999997,0.03677457
-29,1.0,25,435,0.0367563,0.0367563,0.9999997,0.0367563
-29,1.0,26,immutable,0.03669414,0.03669414,0.9999997,0.03669414
-29,1.0,27,swagger,0.03648054,0.03648054,0.9999997,0.03648054
-29,1.0,28,Clients,0.03634704,0.03634704,0.9999997,0.03634704
-29,1.0,29,тур,0.03632716,0.03632716,0.9999997,0.03632716
-29,1.0,30,"""\",0.036326528,0.036326528,0.9999997,0.036326528
-29,1.0,31,devout,0.036284856,0.036284856,0.9999997,0.036284856
-29,1.0,32,播放,0.036242556,0.036242556,0.9999997,0.036242556
-29,1.0,33,이런,0.036019575,0.036019575,0.9999997,0.036019575
-29,1.0,34,‌س,0.035751067,0.035751067,0.9999997,0.035751067
-29,1.0,35,[data,0.035673432,0.035673432,0.9999997,0.035673432
-29,1.0,36,거나,0.03547683,0.03547683,0.9999997,0.03547683
-29,1.0,37,_rep,0.035429318,0.035429318,0.9999997,0.035429318
-29,1.0,38,كومة,0.03541752,0.03541752,0.9999997,0.03541752
-29,1.0,39,.Comment,0.035333585,0.035333585,0.9999997,0.035333585
-29,1.0,40,Tomáš,0.035290137,0.035290137,0.9999997,0.035290137
-29,1.0,41,될,0.03528346,0.03528346,0.9999997,0.03528346
-29,1.0,42,.sel,0.035276525,0.035276525,0.9999997,0.035276525
-29,1.0,43,definitions,0.035274874,0.035274874,0.9999997,0.035274874
-29,1.0,44,Beef,0.035266664,0.035266664,0.9999997,0.035266664
-29,1.0,45,بيت,0.03520211,0.03520211,0.9999997,0.03520211
-29,1.0,46,Gwen,0.035178896,0.035178896,0.9999997,0.035178896
-29,1.0,47,teenagers,0.03517683,0.03517683,0.9999997,0.03517683
-29,1.0,48,scouts,0.035084143,0.035084143,0.9999997,0.035084143
-29,1.0,49,tbody,0.03508068,0.03508068,0.9999997,0.03508068
-29,1.0,50,Ferdinand,0.035071556,0.035071556,0.9999997,0.035071556
-30,0.99999994,1,transgender,0.045398265,0.045398265,0.99999976,0.04539827
-30,0.99999994,2,headquartered,0.043941,0.043941,0.99999976,0.043941002
-30,0.99999994,3,Txt,0.042817492,0.042817492,0.99999976,0.042817496
-30,0.99999994,4,apeake,0.04214257,0.04214257,0.99999976,0.042142574
-30,0.99999994,5,948,0.041857354,0.041857354,0.99999976,0.041857358
-30,0.99999994,6,passwd,0.040804673,0.040804673,0.9999997,0.040804677
-30,0.99999994,7,takeover,0.039374266,0.039374266,0.9999997,0.03937427
-30,0.99999994,8,wildfire,0.039096504,0.039096504,0.9999997,0.03909651
-30,0.99999994,9,декабря,0.039041303,0.039041303,0.9999997,0.039041307
-30,0.99999994,10,较,0.03901719,0.03901719,0.9999997,0.039017193
-30,0.99999994,11,seminars,0.038228042,0.038228042,0.9999997,0.038228046
-30,0.99999994,12,drunken,0.03816361,0.03816361,0.9999997,0.038163614
-30,0.99999994,13,.telegram,0.037781402,0.037781402,0.9999997,0.037781406
-30,0.99999994,14,yaş,0.037658907,0.037658907,0.9999997,0.03765891
-30,0.99999994,15,منی,0.03759846,0.03759846,0.9999997,0.037598465
-30,0.99999994,16,Footer,0.03757584,0.03757584,0.9999997,0.037575845
-30,0.99999994,17,949,0.03750056,0.03750056,0.9999997,0.037500564
-30,0.99999994,18,okrat,0.037340485,0.037340485,0.9999997,0.03734049
-30,0.99999994,19,SECRET,0.03728003,0.03728003,0.9999997,0.037280034
-30,0.99999994,20,.Gson,0.037192535,0.037192535,0.9999997,0.03719254
-30,0.99999994,21,ang,0.03717667,0.03717667,0.9999997,0.037176672
-30,0.99999994,22,Sw,0.03698745,0.03698745,0.9999997,0.036987454
-30,0.99999994,23,Mp,0.036961816,0.036961816,0.9999997,0.03696182
-30,0.99999994,24,arsers,0.036942646,0.036942646,0.9999997,0.03694265
-30,0.99999994,25,.Function,0.036905073,0.036905073,0.9999997,0.036905076
-30,0.99999994,26,recieved,0.036830205,0.036830205,0.9999997,0.03683021
-30,0.99999994,27,.CompilerServices,0.036761645,0.036761645,0.9999997,0.03676165
-30,0.99999994,28,.hxx,0.036663935,0.036663935,0.9999997,0.03666394
-30,0.99999994,29,versa,0.03662833,0.03662833,0.9999997,0.036628332
-30,0.99999994,30,imei,0.036627077,0.036627077,0.9999997,0.03662708
-30,0.99999994,31,iosity,0.036575083,0.036575083,0.9999997,0.036575086
-30,0.99999994,32,وند,0.036477093,0.036477093,0.9999997,0.036477096
-30,0.99999994,33,ималь,0.03644426,0.03644426,0.9999997,0.036444265
-30,0.99999994,34,Борис,0.03621874,0.03621874,0.9999997,0.036218744
-30,0.99999994,35,_person,0.036133796,0.036133796,0.9999997,0.0361338
-30,0.99999994,36,.makedirs,0.03610662,0.03610662,0.9999997,0.036106624
-30,0.99999994,37,secretly,0.03609512,0.03609512,0.9999997,0.036095124
-30,0.99999994,38,CIF,0.035832256,0.035832256,0.9999997,0.03583226
-30,0.99999994,39,Toggle,0.03582643,0.03582643,0.9999997,0.035826433
-30,0.99999994,40,mdl,0.03582511,0.03582511,0.9999997,0.035825115
-30,0.99999994,41,futbol,0.03581766,0.03581766,0.9999997,0.035817664
-30,0.99999994,42,tributes,0.035647992,0.035647992,0.9999997,0.035647996
-30,0.99999994,43,.tex,0.03557063,0.03557063,0.9999997,0.035570633
-30,0.99999994,44,Osman,0.035523348,0.035523348,0.9999997,0.03552335
-30,0.99999994,45,.dom,0.03549154,0.03549154,0.9999997,0.035491545
-30,0.99999994,46,esz,0.035486553,0.035486553,0.9999997,0.035486557
-30,0.99999994,47,「……,0.0354513,0.0354513,0.9999997,0.035451304
-30,0.99999994,48,Rodr,0.03543718,0.03543718,0.9999997,0.035437185
-30,0.99999994,49,cury,0.03529417,0.03529417,0.9999997,0.035294175
-30,0.99999994,50,bastian,0.035285026,0.035285026,0.9999997,0.03528503
-31,0.99999994,1,drinkers,0.046510007,0.046510007,0.99999976,0.04651001
-31,0.99999994,2,ang,0.04425276,0.04425276,0.99999976,0.044252764
-31,0.99999994,3,laden,0.04420951,0.04420951,0.99999976,0.044209514
-31,0.99999994,4,endemic,0.04307469,0.04307469,0.99999976,0.043074694
-31,0.99999994,5,:\\,0.041512493,0.041512493,0.9999997,0.041512497
-31,0.99999994,6,.bank,0.040250868,0.040250868,0.9999997,0.04025087
-31,0.99999994,7,giorn,0.04005077,0.04005077,0.9999997,0.040050775
-31,0.99999994,8,Ders,0.039628655,0.039628655,0.9999997,0.03962866
-31,0.99999994,9,gren,0.039441727,0.039441727,0.9999997,0.03944173
-31,0.99999994,10,icides,0.039140895,0.039140895,0.9999997,0.0391409
-31,0.99999994,11,urahan,0.03890817,0.03890817,0.9999997,0.038908172
-31,0.99999994,12,ucumber,0.03879361,0.03879361,0.9999997,0.038793612
-31,0.99999994,13,ortality,0.038624402,0.038624402,0.9999997,0.038624406
-31,0.99999994,14,����,0.03809406,0.03809406,0.9999997,0.038094062
-31,0.99999994,15,тел,0.03802345,0.03802345,0.9999997,0.038023453
-31,0.99999994,16,icide,0.037869498,0.037869498,0.9999997,0.0378695
-31,0.99999994,17,�,0.037862882,0.037862882,0.9999997,0.037862886
-31,0.99999994,18,埋,0.03785692,0.03785692,0.9999997,0.037856925
-31,0.99999994,19,raisal,0.03782754,0.03782754,0.9999997,0.037827544
-31,0.99999994,20,bunker,0.03777507,0.03777507,0.9999997,0.037775073
-31,0.99999994,21,crumbling,0.03760215,0.03760215,0.9999997,0.037602153
-31,0.99999994,22,compassionate,0.03747928,0.03747928,0.9999997,0.037479285
-31,0.99999994,23,enrol,0.0372837,0.0372837,0.9999997,0.037283704
-31,0.99999994,24,である,0.03710811,0.03710811,0.9999997,0.037108112
-31,0.99999994,25,ेद,0.03695418,0.03695418,0.9999997,0.036954183
-31,0.99999994,26,apeake,0.036778376,0.036778376,0.9999997,0.03677838
-31,0.99999994,27,lotion,0.036771916,0.036771916,0.9999997,0.03677192
-31,0.99999994,28,ček,0.036684558,0.036684558,0.9999997,0.03668456
-31,0.99999994,29,licable,0.036673017,0.036673017,0.9999997,0.03667302
-31,0.99999994,30,-CS,0.036590397,0.036590397,0.9999997,0.0365904
-31,0.99999994,31,onso,0.036529213,0.036529213,0.9999997,0.036529217
-31,0.99999994,32,bilir,0.03647838,0.03647838,0.9999997,0.036478385
-31,0.99999994,33,dieta,0.036288064,0.036288064,0.9999997,0.036288068
-31,0.99999994,34,shed,0.03626405,0.03626405,0.9999997,0.036264054
-31,0.99999994,35,Belg,0.03623809,0.03623809,0.9999997,0.036238093
-31,0.99999994,36,õ,0.036193877,0.036193877,0.9999997,0.03619388
-31,0.99999994,37,расс,0.036130484,0.036130484,0.9999997,0.036130488
-31,0.99999994,38,,0.03612261,0.03612261,0.9999997,0.036122613
-31,0.99999994,39,acen,0.035877198,0.035877198,0.9999997,0.0358772
-31,0.99999994,40,intertw,0.035738964,0.035738964,0.9999997,0.035738967
-31,0.99999994,41,irable,0.035619937,0.035619937,0.9999997,0.03561994
-31,0.99999994,42,декабря,0.03538719,0.03538719,0.9999997,0.035387192
-31,0.99999994,43,undance,0.035300948,0.035300948,0.9999997,0.03530095
-31,0.99999994,44,][/,0.035285123,0.035285123,0.9999997,0.035285126
-31,0.99999994,45,depressive,0.035216477,0.035216477,0.9999997,0.03521648
-31,0.99999994,46,出口,0.035199888,0.035199888,0.9999997,0.03519989
-31,0.99999994,47,,0.03516369,0.03612261,0.97345346,0.035163693
-31,0.99999994,48,उत,0.035161704,0.035161704,0.9999997,0.035161708
-31,0.99999994,49,redient,0.035128616,0.035128616,0.9999997,0.03512862
-31,0.99999994,50,الث,0.034952607,0.034952607,0.9999997,0.03495261
